launch_record_id,chain_id,platform_id,object_id,metadata_uri_declared,request_id,snapshot_id,coverage_state
launch:a67eff1f75885bf63810662d,eip155:56,four.meme,eip155:56:0x0963cae3b3589f9f0cc67411171df4c540d9ffff,,,,access_restricted_here
launch:f6086f5f4ffe3bbf51ab2c85,eip155:56,four.meme,eip155:56:0x20ed701701ec52064049e1968ff76adc94ceffff,,,,not_attempted
launch:fe6106de2713d0230c60bc10,eip155:56,four.meme,eip155:56:0xee214c59c074ddba6abb722c33abae10238effff,,,,not_attempted
launch:fdb1c4ff0594dd778deb5b45,eip155:56,four.meme,eip155:56:0x7d77b7b517780d96bc508929683aff274071ffff,,,,not_attempted
launch:9caad4a44fd73b401dee28f0,eip155:56,four.meme,eip155:56:0x6f3e69b1efbbff961dddd7f0dca146c98757ffff,,,,not_attempted
launch:b7b549bec1e06158c0a77854,eip155:56,four.meme,eip155:56:0x6454a5284c4aeb8f7d6a4f79eb1f5883f426ffff,,,,not_attempted
launch:8fadf2cfe0947d678957fce3,eip155:56,four.meme,eip155:56:0x4be7ed502c15a35fda2d3267113923da08f6ffff,,,,not_attempted
launch:cd64698ed2b260e34a9b3091,eip155:56,four.meme,eip155:56:0x530f4582af8afe1a0c1da0f7071944c1fdf9ffff,,,,not_attempted
launch:d5f1c32d77642fcbbb33c830,eip155:56,four.meme,eip155:56:0x6b69086b2ef4757dba14c49c9eace2b88552ffff,,,,not_attempted
launch:a8f4cdabec2a8e9f19a0792e,eip155:56,four.meme,eip155:56:0x49f342a101b1cd3cc766017ba4c2b1d481f0ffff,,,,not_attempted
launch:46ab750e2dd281b90aaee4d1,eip155:56,four.meme,eip155:56:0x2fcf6d9dcd152bce946a771a377af10ce0b0ffff,,,,not_attempted
launch:8726247e10a8d9c6f49adc1a,eip155:56,four.meme,eip155:56:0x083ca9166edff3ef47b7546556d6e68e612dffff,,,,not_attempted
launch:12e547f4acaf45c2179ac605,eip155:56,four.meme,eip155:56:0xe2e8fe74d519af72a51d1edd8e76b1b5d5e3ffff,,,,not_attempted
launch:c401bc81711370e3ffe681eb,eip155:56,four.meme,eip155:56:0x314c11c80e50fa74eecea5adebca0509ef91ffff,,,,not_attempted
launch:cb36219371214fe9390d0089,eip155:56,four.meme,eip155:56:0xe83649974364827133fd88ef7793a08eb33bffff,,,,not_attempted
launch:b4c7c2694c8d83f2c8e5397a,eip155:56,four.meme,eip155:56:0x7f448cf0d146e458e9be15562cf401c6863dffff,,,,not_attempted
launch:36fdf87c1fc65bed0461e3e5,eip155:56,four.meme,eip155:56:0xa840a22cc9c6e2baf9372786592bb2581f0dffff,,,,not_attempted
launch:52ff0051aae688b864e2941b,eip155:56,four.meme,eip155:56:0x86e0a12f435a9f6b456f88050bebe0fe905effff,,,,not_attempted
launch:5bce8b08177b46f925a5b787,eip155:56,four.meme,eip155:56:0x12317f71512fc1db0f2633ec37e109c5a642ffff,,,,not_attempted
launch:5c2693583b105dd8be6cb122,eip155:56,four.meme,eip155:56:0x9f9ad5616e8b7b73fd7c2c7c78c6e74382d3ffff,,,,not_attempted
launch:46b051e020cf6da1db3f7a67,eip155:56,four.meme,eip155:56:0x205c0c815d80931eaf46a94253d596eca266ffff,,,,not_attempted
launch:e6ad62734321bbe50275ed3a,eip155:56,four.meme,eip155:56:0x427ea062ac912f36486cfe5a14bdb78ef99bffff,,,,not_attempted
launch:7d44194005cf67b9974a9316,eip155:56,four.meme,eip155:56:0xf049ff7fa2da907a61cec6363f6519c0a921ffff,,,,not_attempted
launch:9710f9ea1bd122be83c2017f,eip155:56,four.meme,eip155:56:0x91da704f7ef7af2d1190aa8d5b9e69e11f2bffff,,,,not_attempted
launch:5ae2e2d22883256fd99aaba7,eip155:56,four.meme,eip155:56:0x59a83d9be35cc214a2e80cf06a0c975a5ac5ffff,,,,not_attempted
launch:5659968cf67a7d48ac35268a,eip155:56,four.meme,eip155:56:0x17ee4db8c21cf91a9611066bc710b74fb99effff,,,,not_attempted
launch:7f9d20e91d1054a24795295c,eip155:56,four.meme,eip155:56:0x4e083a3fc15bc537fa8273a4e624ff6b247dffff,,,,not_attempted
launch:1c43e50a11748885b6a656b5,eip155:56,four.meme,eip155:56:0xbfa2269e383fdb87afcd50d1cc3f69b1dc6affff,,,,access_restricted_here
launch:c841a70f7e3c4755c337bc45,eip155:56,four.meme,eip155:56:0x9b0a5b5f891934b870a9b53c6dcf3b682ef2ffff,,,,not_attempted
launch:285a02871018cf136b054d0e,eip155:56,four.meme,eip155:56:0xe3736747e576c2682e3bc705dec7dde6e3cbffff,,,,not_attempted
launch:31a4660ed7e2cd4011b9733c,eip155:56,four.meme,eip155:56:0x104dc9d6f9eefd0f4016f44e8b91ad3e83b5ffff,,,,not_attempted
launch:660c8d77226c7ee15df0ea9a,eip155:56,four.meme,eip155:56:0x2f906bb5e779652e43cb9a2e87eb86b3491cffff,,,,not_attempted
launch:994859c0696639bb4f33ac1a,eip155:56,four.meme,eip155:56:0x9d3ddd2b09ef7b38b03f0743574f67912fd7ffff,,,,not_attempted
launch:580aa6cfaa7419151da1fcf0,eip155:56,four.meme,eip155:56:0xb04430a790bcb74723349d969e106bf25acdffff,,,,not_attempted
launch:3d8edd16ee76a604338233d4,eip155:56,four.meme,eip155:56:0x879655c2f847fe5a0550bd5db19bc0cabdd8ffff,,,,not_attempted
launch:8ad81f258289f1ffeeecf855,eip155:56,four.meme,eip155:56:0xd4c759630467cac11bfd51600ced9b685be4ffff,,,,not_attempted
launch:e3919d281264aae2894aa706,eip155:56,four.meme,eip155:56:0x677fcaf6f7d541aa937dde816327d6d19effffff,,,,not_attempted
launch:4e702f77cd913bd0720f9f69,eip155:56,four.meme,eip155:56:0x60f25e663fd47a000f274a6ec7e3a59707afffff,,,,not_attempted
launch:da082d5f4c074756bbabeb29,eip155:56,four.meme,eip155:56:0x794db071ab0284b0108622907bfe555702a2ffff,,,,not_attempted
launch:0cac123cd103f4dec4289efe,eip155:56,four.meme,eip155:56:0x85db7c85d68aadaba9948934f1d9fc5fd774ffff,,,,not_attempted
launch:e1487bdd24c14f2144f8b1ee,eip155:56,four.meme,eip155:56:0xc52915806fd8cb7c5bf27528c14e59fbf8a1ffff,,,,not_attempted
launch:da753b416c60d7fdf1952b6b,eip155:56,four.meme,eip155:56:0x39d97ee4c8ca39fe931e1df494c935ffb21bffff,,,,not_attempted
launch:e08946cda85c24aad02fe1ad,eip155:56,four.meme,eip155:56:0x08de765210a6942809baf5acf8dfe972ababffff,,,,not_attempted
launch:9245449643250ac6bfe01857,eip155:56,four.meme,eip155:56:0x263610e07379e0a250721938e845d4176234ffff,,,,not_attempted
launch:346cd074857f0b4092a29970,eip155:56,four.meme,eip155:56:0xa83771f99f11d26ff30395b6f76c82e77fd4ffff,,,,not_attempted
launch:0a0e833c8ac6f2ea0fdd07ac,eip155:56,four.meme,eip155:56:0xc95c345823683a2fe5641808995d35c4e36dffff,,,,not_attempted
launch:caae0e7c7387c328340950cc,eip155:56,four.meme,eip155:56:0x5e92efcadc195110b40db0c976f50099b7bfffff,,,,not_attempted
launch:d4ede5a2b117493a7a053b90,eip155:56,four.meme,eip155:56:0xd94ae9d68b94d705357bddd1c1bf8afa419affff,,,,not_attempted
launch:d644a7ec1ba4da2a7e093e9f,eip155:56,four.meme,eip155:56:0x18e7c7c38e80b4a49fa3a8be1bfca0fbc769ffff,,,,not_attempted
launch:4dddcc78787a10c61ad6f619,eip155:56,four.meme,eip155:56:0x119c277e147bc5d899889db3520f70968277ffff,,,,not_attempted
launch:26c03be999ece4bd989428d9,eip155:56,four.meme,eip155:56:0x633db517042fbb16cf00ef9f620efc5d5ac2ffff,,,,not_attempted
launch:878091d5fee6f21a2c2c9513,eip155:56,four.meme,eip155:56:0xe500c87b40ad2ae296ff653415f765c92be9ffff,,,,not_attempted
launch:6153d61172cf9a6b3b7bedf1,eip155:56,four.meme,eip155:56:0xe2f22304d12edfaa8705f8af1fbcdb9190cdffff,,,,not_attempted
launch:d622c0478420a1c3c54f1d11,eip155:56,four.meme,eip155:56:0x4119ab90c8ad9e7dc8f5a7900d3790796917ffff,,,,not_attempted
launch:87f8617af41e531fb738d585,eip155:56,four.meme,eip155:56:0xf1f5e76c53d24715eb23f6c68f0d72da04eaffff,,,,access_restricted_here
launch:5bb6fec83223d94f14087433,solana:mainnet,pump.fun,solana:mainnet:2K7U1b5iSeN2jWY6wQZUwwidMgbWSUU2TUXehiqVpump,https://ipfs.io/ipfs/QmTLrfwcyuzP1nf3igPRUbLHKZRtv7hipJdPo8qkomsuXv,req:2db289052be1336b46e381fd,snap:4de50b10973a273116fcb77e,no_declaration
launch:fc33dcebc41b6c09accf7a6f,solana:mainnet,pump.fun,solana:mainnet:GEP59sB6eBbkVqBrnyUjXPi7Fdi4FUmj1mMNgzpdpump,https://ipfs.io/ipfs/QmQY3bJ9AcwAJ2ncqZfiK4RzM2hb2g5rBdHDuvPbdcfzJh,req:e71d31c5b00a1c262085dab3,snap:c0b91c9ee171745bd4cd6a31,no_declaration
launch:1e7e893ab74152145468c670,solana:mainnet,pump.fun,solana:mainnet:PhvVwQaqEneuwgBA66bGugn1zEBj1JK9iwTw2U2pump,https://ipfs.io/ipfs/QmPLTqi8ssLtHgVzpveCy67txbV8UhUcbULc3ckgPJYtbb,req:bcfc452ac47a5af0d74aa158,snap:369740e39f7e9266b80c128e,no_declaration
launch:f07954a2d904a69ab514e271,solana:mainnet,pump.fun,solana:mainnet:FsD5wZ5tbntMQC5fc6ooH1svs3AzomKNpP8f9e3bpump,https://ipfs.io/ipfs/bafkreidiieczustyt2lupyqn235o7uhraqj2ox7plre6ikfeuabg56qyjm,req:ae38bf4a4c0a7c3982065379,snap:368b3945a87e560168cd7676,no_declaration
launch:427f4a77c99d35a7546d59c4,solana:mainnet,pump.fun,solana:mainnet:DsPxcTvqJYvVsa4nHnxCU9rSgYMQbGym77csDj17pump,https://ipfs.io/ipfs/bafkreihrjfdxjtr2ar6mascmza5bw5dfrvqsgm6kvxol2bjdy575jkapmy,req:cd945de0f34b3bc36f9bd32c,snap:4910c1647153cf7dbea16639,no_declaration
launch:4488e75a027b45308d828187,solana:mainnet,pump.fun,solana:mainnet:J8hQWoXh9CjGpRWh4j3qk8zxDhzERHgtkKBNK2wrpump,https://ipfs.io/ipfs/QmbmJpdD1dyR5j4nv84XhS3Qn3A6xZLMURF6VuqaLarg9a,req:24d63bbe2ae4bdb8657b36a8,snap:8034dc4e676663b30b9587f3,no_declaration
launch:52fc136978caa7ee5174f1d1,solana:mainnet,pump.fun,solana:mainnet:DjxzeMapBtXB7B9nfFE19TVSQJuQko49YX5gWDSypump,https://ipfs.io/ipfs/bafkreidancei6bbs5tusn7c23dgztpogdg2ewavlueaqerf36bop2tjv5a,req:12ad6d92b4bf2e0e849a9ba7,snap:cf30b7c7d128b17bfe17edd8,no_declaration
launch:69e7a14f4024427a3397fe2c,solana:mainnet,pump.fun,solana:mainnet:d2Pxjfo5bGaFgTNAqvoo2Usp2GoPicyLFj5r3mDpump,https://metadata.j7tracker.io/metadata/Tty9XMUKMq.json,req:98d931e88fc83ff206ef3588,snap:82cc7df41e717a169bae23e4,declaration_observed
launch:a312ec46f30ac58872a14a38,solana:mainnet,pump.fun,solana:mainnet:FSABHLW3xoNk1kiMNnZyepHpTKksPKcBiqYFGmcqpump,https://ipfs.io/ipfs/QmYF6aLRhTdGFspCU6p3UPbwgYf4TLfjs2oPSsbAqxVsYi,req:b785d462ef865f0ddeb9603f,snap:8d88aeb214bd1460f45f5596,no_declaration
launch:e2e73563fe53433af0b9e3e3,solana:mainnet,pump.fun,solana:mainnet:85nkU91qwoPkKpTw7BN3ascc44btjm3Bipb3X4Fipump,https://ipfs.io/ipfs/QmbXhuzXw5gghdY3Cq4oRU8pzeQG6A9DWUv9kBQmfm4BDy,req:e7863ebd0737b34fc018561b,snap:bf9436dc8b8a8233097960c1,no_declaration
launch:627bb98a501e50c9f30f454c,solana:mainnet,pump.fun,solana:mainnet:9PV2wx6iL3iSYjS5g2tjjaN5aZchSc1xnG91wyVgpump,https://ipfs.io/ipfs/bafkreih4am23irlugdsonanclckaxerem23hznxn5tl424ji3rokqzq4ze,req:02e090ca73cc58dfdac7867a,snap:f5b91dff52b0588cd2795b4e,declaration_observed
launch:01769e2249b41e796d8a05e9,solana:mainnet,pump.fun,solana:mainnet:7EmsPTiXVr9ybysVothCWWLNA6Pidbn9EpBp9nyYpump,https://ipfs.io/ipfs/QmSLRcVWZH8dAdtZzrHX93wcPKXvV4f1m3ZEtmFMcDJRxZ,req:19d624f4ec9cadbe147e6db8,snap:57a176dd14d5c637699d9126,no_declaration
launch:b181d1053006fd8367de98a4,solana:mainnet,pump.fun,solana:mainnet:2iXKT6ry329YDuoxwQPXMFNhAq6RaRSyqwhn6ftSpump,https://pump.mypinata.cloud/ipfs/bafkreifezkwwxi4nyu3d74kvijrnw5refatiiz5fsndzutorrqfzg6tsyi,req:850f524dc3db8d97d84126dc,snap:5801007bb481ce5bd7ab67b4,declaration_observed
launch:0f8733c8c85fa0870eb8c114,solana:mainnet,pump.fun,solana:mainnet:64roYNJpFEgtxaFhmMvY5St9QKFNN8YDTFPetVAEpump,https://ipfs.io/ipfs/QmZoXf7HcnDZD6Lybo8GHiLfhAPwVrJYL49fN8HbtWsHJu,req:654a7fc3c5ccd99b175b703c,snap:cd1b1704864d1cf51b646afd,no_declaration
launch:6915cc8271a3988c8699fde8,solana:mainnet,pump.fun,solana:mainnet:66HnpEBxzqUh3gpyp71iG4qL7uZyhgRGvk6xZ4dLpump,https://ipfs.io/ipfs/QmdR4go9ymU7APCt58qTe6w345KWYmJc5x5Gc8DoxyBPhQ,req:b77e3ac038ef0219fa3118b9,snap:1eaf10c5c748383dbf098d08,no_declaration
launch:01da3f65055bb8fc44c0cc71,solana:mainnet,pump.fun,solana:mainnet:6qEYpMfLCtQN2sKFtYnqtAZzYQjLGuqTDbo3ZUGypump,https://ipfs.io/ipfs/bafkreiamchekfmaemagebgge4sth7ystd5eiwllczw2w5c3i7qrdamxcki,req:0f14dc55160ddc816c22369e,snap:0bcd1a9437520f96e49fc8db,no_declaration
launch:3d0d89f41fdf7f67c0a8d1bc,solana:mainnet,pump.fun,solana:mainnet:5Y4VGmDeFcq2NG7wRrXK9oYJhLGPkaSPLsoEsxdGpump,https://ipfs.io/ipfs/QmYF6aLRhTdGFspCU6p3UPbwgYf4TLfjs2oPSsbAqxVsYi,req:b785d462ef865f0ddeb9603f,snap:8d88aeb214bd1460f45f5596,no_declaration
launch:6f4ef7e240ab6b815430d157,solana:mainnet,pump.fun,solana:mainnet:7upKjbgh8hAZHNFhgfQFGZJj8wg4V6KyVsdSkPUUpump,https://ipfs.io/ipfs/bafkreidka2vnisiv63pukdk3i6f2lnnpnt64p2tkq5ghciiqu7giidppku,req:c69107592ebbcd53b9281fdb,snap:05cfda3fe62d6832581e3364,declaration_observed
launch:1fec215320044a14ee05cb2c,solana:mainnet,pump.fun,solana:mainnet:2tczgD3Jy94DQ7JNMzqJjRyp9y2xFxqAp5h6uvRqpump,https://ipfs.io/ipfs/QmbUhjxhj46TE73eXDvCswTfPrPDbQrtevXaauRg6LTZLh,req:0bd9e413ad370d14e598522b,snap:efd93bf5ff42134a7ba645f7,no_declaration
launch:401d29a194e33496a7dd4afd,solana:mainnet,pump.fun,solana:mainnet:2Ez7EX1UWT6MTssVKe8AuNrVVKS8rerrXQ6n9fDHpump,https://metadata.j7tracker.io/m/2ancNZ0jg8,req:10e1250a8d4b255ee940963f,snap:76b909b84acdc80833955915,declaration_observed
launch:5b6d332f8a5587b617c553b2,solana:mainnet,pump.fun,solana:mainnet:88S7wK39GJN8m94htMPb1zcxJeMXc7PQ2b7gKN9apump,https://pump.mypinata.cloud/ipfs/bafkreiht3txd4ixjqmgntck7evlphafk4qrzqpulttvg34vzxkb3codqiq,req:a4522fa22f39b8199c10be28,snap:92e17b15780e28ac6098bf47,declaration_observed
launch:c5aef743218dedbb0b4e875b,solana:mainnet,pump.fun,solana:mainnet:Czd8aagRRdRtxBztu5K85JXpomtUgkuhmusY5jSZpump,https://ipfs.io/ipfs/QmXjVvsUrmFkgEoLerHNpbFrYRSsZH5t6TKjpisKDuEm31,req:7f1d151e8ffba6b14cdc4a4d,snap:624d68c5e6428ba849f50838,no_declaration
launch:17017482791309c5303d95f8,solana:mainnet,pump.fun,solana:mainnet:3zcVSPFs9aPr36vij3qUJayV2G5aSqziTmnEgfhopump,https://ipfs.io/ipfs/QmWkTaS21YQc2D35TSRsbuYP4SfLf45tmKDyUPHqKpNrDx,req:e0f74c91703192cc33961455,snap:7fb3cf2fc2fbbb73fba5e183,no_declaration
launch:8063639ea671f5a61225b05b,solana:mainnet,pump.fun,solana:mainnet:Bre52w6rFyH7mx3HKVGuKsupJ3djPQTMhWKeL5Xpump,https://ipfs.io/ipfs/QmSbjo62qsqMCMtP2dBckovuFa2oBGSvu3MySebTPNiraL,req:3605bbe8b8cbddd14e5e9216,snap:70d52d62cd9e59712525894d,no_declaration
launch:5a038fedc370258b3ee7668d,solana:mainnet,pump.fun,solana:mainnet:GjoTKsmw783Jw7Aqu49tSd3fN85RGL8UZxfva6CHpump,https://ipfs.io/ipfs/QmbRDqpL37uNbfzGiF5fL3mpMmu6HJr5tF72WMqLbkBZ5U,req:b04f4a2f64ecde989361d831,snap:b9c6eadfd09222e4e0ca3013,no_declaration
launch:c9162c265cc28912a7f00f5c,solana:mainnet,pump.fun,solana:mainnet:AYSATG14ECCDp8zyiVZK5BB9y8tNf8yLBotRQSiXpump,https://ipfs.io/ipfs/bafkreifo3xnjnsxrvpgwa333bgukv3ji7y7uwn4f5p6cdsgbc6dh5efvty,req:dc14e7c29a45186c0b82f96a,snap:1b25bdd28edc1c3feaff1718,declaration_observed
launch:2c793c097333ca1e806d9450,solana:mainnet,pump.fun,solana:mainnet:GFfY1MeKoYBL38UmK1gViMoFkX98fHbxJu4sjo6qpump,https://ipfs.io/ipfs/QmfKhWkbuDAL3ZssbmhCeHaSVA1aJ3d9RgyZWK5gWGoPGu,req:0f2b34160d28488a92fc7049,snap:154136dae149352b1381cea0,declaration_observed
launch:b9c07f733a9914ddc652726d,solana:mainnet,pump.fun,solana:mainnet:HJCJeze2htQkshbwB4JTggPU9nqLT8nmpgLxXNhNpump,https://ipfs.io/ipfs/QmREFnUTcAPhjq1E5t2zf8LgZtbNTCkaQGe7XTVaLWtEpu,req:a5e31a75b7a8361d1dd73092,snap:45bf03204b7261e2a79728c3,no_declaration
launch:2466a6bf8b00e24256602600,solana:mainnet,pump.fun,solana:mainnet:8sJMtCYg63FHfuC2C3bAga61DEFeAEyRDTyvG5nmpump,https://ipfs.io/ipfs/bafkreihw3ni5rmblqewuwyfnrz5vi4lhfkkrgrstiyxem73kzhf3h6otou,req:d65b8bc077c55bedb6792bcc,snap:0da651428cd9c125b8312104,declaration_observed
launch:69a1439bb916250ddf98b378,solana:mainnet,pump.fun,solana:mainnet:GZPasuSvn7qWFZvCr7MQs8Wtf7ZGdDum7tVn5jiQpump,https://metadata.j7tracker.io/metadata/qDVhNmyjnM.json,req:8cf973b46ecfb7cfc558c7f0,snap:b0f15fd518ae7267401f6948,declaration_observed
launch:8d1f17a65a398363a0906a5b,solana:mainnet,pump.fun,solana:mainnet:CE5s44Kren64c1cp8h2W2C3s9EHbmDRtYUBpiKK5pump,https://metadata.j7tracker.io/m/9ap2SEPDBv,req:462af148af2f6e86fb3c7492,snap:de371123a8555e3daf3f5129,declaration_observed
launch:3a4279c3748da77bef6c30a9,solana:mainnet,pump.fun,solana:mainnet:9RkhjDzH8M7GsUavjzavXoBJmHuMyqLgpdFUyByzpump,https://ipfs.io/ipfs/QmPLTqi8ssLtHgVzpveCy67txbV8UhUcbULc3ckgPJYtbb,req:bcfc452ac47a5af0d74aa158,snap:369740e39f7e9266b80c128e,no_declaration
launch:0eaebe909434a731057adfe7,solana:mainnet,pump.fun,solana:mainnet:G3bPabJmzZhwsvV9GCHuCB1bDxafFHJZqBUPyHDopump,https://ipfs.io/ipfs/bafkreidi6scjx4w6tmtixbsdtbx2rjq4d4uybqrxaz4v5i3c3jurikx6c4,req:19fc0abf854dd632acef130c,snap:c77d5797f80357afbb924472,declaration_observed
launch:563be74bb6af702c49db794c,solana:mainnet,pump.fun,solana:mainnet:mY5a7pM3GxSN7FhpGLFjgQ9WwFxtShndVqUiVTcpump,https://ipfs.io/ipfs/Qmd6tTkyMjnvSgzdpAAULzPo3KYXYyTh6vCF6Xu9BjkkPk,req:37482a0b5c9edaa0ca0e6502,snap:d9bb8db4fcb31484dac0a7df,declaration_observed
launch:5c9be9220e63fe983dd32203,solana:mainnet,pump.fun,solana:mainnet:6R2b6N8iiocq3nbYvRpg7KrwpFS75Ak5ctNtNzMepump,https://ipfs.io/ipfs/QmfVd1hNMbFCfSU5rUHS3eBFhN4ayD9jyN1YucpXL9Vyu8,req:8eb4031af2fcb19e24ac6c1c,snap:84edbda35d67ffa7aa4c964e,declaration_observed
launch:b6657a10e7a17ff7e124dc5f,solana:mainnet,pump.fun,solana:mainnet:UW1QTBi9hbdRMVRu94aBkQSpFDDGBvTVGC9xodgpump,https://ipfs.io/ipfs/bafkreic5l3ztsr4gh5uymojru7xi4itvzfssx7ufsarfe57liadeparvvm,req:9432e26948ab4187458b9fe2,snap:1e5effe74f603afe320bf953,declaration_observed
launch:1634cfc40aba87bbc660f880,solana:mainnet,pump.fun,solana:mainnet:Dc2JNTwnDXremJEnUWe7ysk6U3A25caaEG4QKTHqpump,https://metadata.j7tracker.io/m/uSNNXc4KvI,req:50b339519437464636691bab,snap:22d79341ff2dc09ad29c555e,declaration_observed
launch:4785ad1e4daeab2995671bb5,solana:mainnet,pump.fun,solana:mainnet:f793nk7dVFxc6sJxj7tqoZXTv7dGFygUhLzvQEEpump,https://metadata.j7tracker.io/m/RYxUuSkN7y,req:2515835dfbb47ccfdab7d3ba,snap:b02e42df891e25d15336953d,declaration_observed
launch:97bebf9b7f0e01c7b766e312,solana:mainnet,pump.fun,solana:mainnet:FmD7rqhX7pcXZBYA3BHHjSZHSbWuAcREtiQT91drpump,https://metadata.j7tracker.io/metadata/03633402dbd14fe8.json,req:a9c16ebd6059111b54c68ac0,snap:66a886d97c17689bb6f4bcb7,declaration_observed
launch:8ed2a77ec59cfa4596f7217e,solana:mainnet,pump.fun,solana:mainnet:55ifZAdD8w22SENhvPscugUHoDF3NU7nCH8T4ru3pump,https://ipfs.io/ipfs/QmQZ1YWzpoh4w4J29ujwQvKEiixW1DX4ScUyynWujmSBXZ,req:0e95c6442f81b597629050e5,snap:19ffb78d33fcbdab4bf885b1,no_declaration
launch:72d0dbe53e7e9c09a7833905,solana:mainnet,pump.fun,solana:mainnet:7NSL3od2fr4FNndLWwEPbkFG5ETKv5HdSGiiVxCGpump,https://ipfs.io/ipfs/bafkreiescm74ada7b7nwmgn4k3h2wgey6bavzs6ppaxeztms4xzsqljpqa,req:8a96a4e674677cb8caefb254,snap:06a8292e3dae39adedaced82,declaration_observed
launch:08f118a328c602979d6cb7ed,solana:mainnet,pump.fun,solana:mainnet:8tNvSWbP5CmaC666Krhpm1md6QBX9WfJshNgRRf5pump,https://ipfs.io/ipfs/QmWqD6a6H2nGP9EGFsEv87PkNCZ1shjRw6cbCpmcmddtGU,req:a1b0819385e1c654b80ca2b9,snap:eb2d19be5df372380a0beb8a,no_declaration
launch:cbfcc46618f3457aa2b08176,solana:mainnet,pump.fun,solana:mainnet:7yCqavtCEqQ9wpTKeuKo81Psbp8zLHa72ngxgUvHpump,https://ipfs.io/ipfs/QmPTTG9F7iEEcJsHeczqxNhBy1viHMP4DaETjj9hY9xuQM,req:fc0216b0b76d9f2e900db1ab,snap:9810223cc81a7a13a4236fb4,no_declaration
launch:436c5deec6926edadd18b3f2,solana:mainnet,pump.fun,solana:mainnet:AjevTnqDM6dbRHtbPtapyhXn21vVP8fw696MPqn4pump,https://ipfs.io/ipfs/QmZg9jBiceyo7Mhy3EmpqvVczQCFGhBJXYagxFQtWdroHN,req:f47558bce7423159e479e113,snap:61fd76a01b836eb78774b1de,no_declaration
launch:90728a31ec132c3bcf05680e,solana:mainnet,pump.fun,solana:mainnet:Eo7cn4RH43KudEcG5bzZ5UcmNsanyaPUWmuMd1m2pump,https://ipfs.io/ipfs/bafkreiafuvgdfbq33qf4jtljokz6a5hcjys3mgx346n63icbafsnvkazhq,req:5aee371f13f1fd935a9b3856,snap:24369953567fd69c6b0ecec2,declaration_observed
launch:2084d7960b47130c9c941a80,solana:mainnet,pump.fun,solana:mainnet:DCmbGdjjqjGqTw6HuAujYhWwiy5fbsvhTmvc2E3Lpump,https://ipfs.io/ipfs/bafkreicbkgksdyipdnqpzx5enk66whbhijvgzucjts2umvact77e7rgeae,req:6cfc8cddd91543007bfd1124,snap:ce55a17bdd1e3d0a20305082,no_declaration
launch:f5a776ce601db361a7027c8e,solana:mainnet,pump.fun,solana:mainnet:9kThduLD4ZBuuu4fmtnkEgCrMsaGm7wzawcVSpzkpump,https://metadata.j7tracker.io/m/elnsEP7xCs,req:3c6c7604616f9d5e897a34eb,snap:bc23b6d52fdf87cfe5e69cf4,declaration_observed
launch:5487d3104f367216a91ad870,solana:mainnet,pump.fun,solana:mainnet:3jyqgWYiAPREUo4RcoM5GcviuvYdLuqMqMamP9Thpump,https://metadata.j7tracker.io/metadata/BMH1ipC2EC.json,req:e1df43dbf039e3c1a3980d8f,snap:14d1c94779f9b6cad3249d5c,declaration_observed
launch:1bece4760297f8bc7841ef9c,solana:mainnet,pump.fun,solana:mainnet:94qjBnvJWksLbAq71bbZR6mNS7iGt5ijuntuwGtNpump,https://metadata.j7tracker.io/m/7d2iwGLgXt,req:18b9f0a315c3d1a11df9edf9,snap:e42b149ee7d73a1978327eeb,declaration_observed
launch:a55300725344950c8f5fe2a5,solana:mainnet,pump.fun,solana:mainnet:FVNf9uw1ztdMTmhQfMGUU6kxzEewquGC667Yew2Epump,https://ipfs.io/ipfs/QmSuEbX1og7FLVUMXcomQKXfJjC8cyofQvWriWXz8fEXXX,req:d6f4fedc97a3afdfc614c40f,snap:8b98c4f5ed240dc3bfaf05c5,no_declaration
launch:3e027a82ea1cea6a0be4a14e,solana:mainnet,pump.fun,solana:mainnet:3qPhuonnNWkJCW8o5tbbKkvyrEo4TabJQhPp6izRpump,https://ipfs.io/ipfs/QmZTUbbjs3sKN47bcUf44vCCqnJfphKy2aGgzb1Gvk448U,req:b63bb0b659bba9ca3f0504c4,snap:c6df4f5fe30808577704e19e,declaration_observed
launch:08f8cd180896a33859bf3060,solana:mainnet,pump.fun,solana:mainnet:HZW7DHReAeLSevNcxjTkjqZFu4WHMSRN1VcDUVJrZ7fw,https://gateway.pinata.cloud/ipfs/QmUnzNtym5wKBdyt5nRu9eSN6B4vtxqRCX6h2VSdGnNWgk,req:9da90c1878cb0d7a49277a70,snap:b2e793a54fa67a3352eba98f,declaration_observed
launch:614f44fe2283746059bbf7bc,solana:mainnet,pump.fun,solana:mainnet:8wRtnAA2gQ7ckHzc2MnhwmAAw7cvwmWZNvgYp6uZpump,https://ipfs.io/ipfs/QmQX92VkrJqcpDxJXsKH29YtwJKFBmuJ2xE7Wb2kCgpszE,req:cf8a6c7159d02445bea8bd63,snap:2243cb7f80a285aa044cbcbb,no_declaration
launch:aef50332e145c6953693598a,solana:mainnet,pump.fun,solana:mainnet:5ZTdAdRGJPbjTTeDcGX8gfSviAzmzHoVffcupU5jNqpA,https://ipfs.io/ipfs/bafkreigzgo6sgbsttxrqwv3ylxydq3qqvtqwy26xeucl4pvb7u4m2yw2j4,req:1f67a8b91039a5136c755ac7,snap:69859f3fb19c10e1b5e7dfbc,declaration_observed
launch:f303f087975bad8ad34646ce,solana:mainnet,pump.fun,solana:mainnet:DuWSBrFF31xyapyBHyd1ZMrPprkFSjuW4DSSS8DYpump,https://m.rapidlaunch.io/m/SiEZWCPgl,req:4c983c13e1d23c1c89a096fc,snap:c43bd60c79c16828543029a5,declaration_observed
launch:c2fc937c61a20b72fff2a5d5,solana:mainnet,pump.fun,solana:mainnet:DVGPP6QVGBwvgkV5nHfzzHav2df1V7NPcXhZVRuRpump,https://ipfs.io/ipfs/QmXoJtCYxWjBxVMcQYqe8PLKMy8C6DmUT4N65SCAYgNhoR,req:17640df6bda969619e144b76,snap:07f995787cca86f5eec0a023,no_declaration
launch:2f751039d02722af15d503de,solana:mainnet,pump.fun,solana:mainnet:XUUvj9TQpmwXLQBDWGUfaqW2a1zrkPLTbKH7KiBpump,https://ipfs.io/ipfs/Qmf9WSSd7JnDnMQ66xgpXDDMzpdSjxdm7QCKwNak3J87qi,req:50cf2218dd78e4da87b89d76,snap:59a2655a125aea533969158c,declaration_observed
launch:d647b4f8afc06f3295c074cc,solana:mainnet,pump.fun,solana:mainnet:GrFcbbz26W2PUvbEdxpAYnXkZ7CxTZYcURfPAGySpump,https://ipfs.io/ipfs/QmYF6aLRhTdGFspCU6p3UPbwgYf4TLfjs2oPSsbAqxVsYi,req:b785d462ef865f0ddeb9603f,snap:8d88aeb214bd1460f45f5596,no_declaration
launch:38efbd72663a7c2dee511f37,solana:mainnet,pump.fun,solana:mainnet:BYzbDDBtb89SE93T2hwdAXMJHGgqTE7SHqJEDof8pump,https://ipfs.io/ipfs/QmUc1bktLcFwzFs9jsmWF1yM9RkW75scVkBhqPN5Nc9Jib,req:9e982ff429e27910dcd17058,snap:6b788e8b23630939b5a1d950,declaration_observed
launch:40cbb21f56ac4539ad1c627c,solana:mainnet,pump.fun,solana:mainnet:EMrckyxfwC829mo9A55UaFQo9EGWP7kAhr88dQWBpump,https://ipfs.io/ipfs/QmXckM5Hr3Wa3AuCqSeufABYFecckKsJBULyFZUTm1NAij,req:66c34e94b5251513332e3451,snap:bbc524e32ec9bb680cd03574,no_declaration
launch:c2d234f9ecf50b5e3901ec9f,solana:mainnet,pump.fun,solana:mainnet:Eh83BvF7y5ogQz9whtXmy56L1n3V2uiEgtwuD6Zrpump,https://ipfs.io/ipfs/QmWqD6a6H2nGP9EGFsEv87PkNCZ1shjRw6cbCpmcmddtGU,req:a1b0819385e1c654b80ca2b9,snap:eb2d19be5df372380a0beb8a,no_declaration
