launch_record_id,object_id,address_or_mint,request_id_declared,creation_tx_id,chain_event_time_utc,coverage_state
launch:a67eff1f75885bf63810662d,eip155:56:0x0963cae3b3589f9f0cc67411171df4c540d9ffff,0x0963cae3b3589f9f0cc67411171df4c540d9ffff,102813512,eip155:56:tx:0x65f02a1bba1d17852c023d0741ee34d41c3da5e7d266e763d1339bcc478129a1,2026-09-14T12:00:23Z,access_restricted_here
launch:f6086f5f4ffe3bbf51ab2c85,eip155:56:0x20ed701701ec52064049e1968ff76adc94ceffff,0x20ed701701ec52064049e1968ff76adc94ceffff,102813514,eip155:56:tx:0x27ee91aeaa4a30c8971b9625ac0323351b2440164a5a1ecf67d95bdafaf5d811,2026-09-14T12:00:43Z,not_attempted
launch:fe6106de2713d0230c60bc10,eip155:56:0xee214c59c074ddba6abb722c33abae10238effff,0xee214c59c074ddba6abb722c33abae10238effff,102813515,eip155:56:tx:0xd470d423f52b551a3afbe2208d98e12a7b60810f8f7bb12043a56f2d57abd3c4,2026-09-14T12:00:53Z,not_attempted
launch:fdb1c4ff0594dd778deb5b45,eip155:56:0x7d77b7b517780d96bc508929683aff274071ffff,0x7d77b7b517780d96bc508929683aff274071ffff,102813517,eip155:56:tx:0xd1b9dcf0c958dcbc8674209b749cb27b71f687c611c26f28eb41ccec4ba3ad3c,2026-09-14T12:00:59Z,not_attempted
launch:9caad4a44fd73b401dee28f0,eip155:56:0x6f3e69b1efbbff961dddd7f0dca146c98757ffff,0x6f3e69b1efbbff961dddd7f0dca146c98757ffff,102813518,eip155:56:tx:0xcdbf80b560ee8ec18e2c1226fb35b8097c4e2deb662cf2254b214cea74f2cd10,2026-09-14T12:01:00Z,not_attempted
launch:b7b549bec1e06158c0a77854,eip155:56:0x6454a5284c4aeb8f7d6a4f79eb1f5883f426ffff,0x6454a5284c4aeb8f7d6a4f79eb1f5883f426ffff,102813519,eip155:56:tx:0xd49357c0714e152d4bc8b3f01af6c859785f3864fa612d3d1ded33810d75cfd9,2026-09-14T12:01:16Z,not_attempted
launch:8fadf2cfe0947d678957fce3,eip155:56:0x4be7ed502c15a35fda2d3267113923da08f6ffff,0x4be7ed502c15a35fda2d3267113923da08f6ffff,102813520,eip155:56:tx:0x2c8edccad9f6b28a9ae3866f886c095b989cef808ea67022dc12438f939c688d,2026-09-14T12:01:26Z,not_attempted
launch:cd64698ed2b260e34a9b3091,eip155:56:0x530f4582af8afe1a0c1da0f7071944c1fdf9ffff,0x530f4582af8afe1a0c1da0f7071944c1fdf9ffff,102813521,eip155:56:tx:0xfb2fc01fc344c4828194855c990f07810da2d2ec74a08c830ce0fb0d181073a4,2026-09-14T12:01:27Z,not_attempted
launch:d5f1c32d77642fcbbb33c830,eip155:56:0x6b69086b2ef4757dba14c49c9eace2b88552ffff,0x6b69086b2ef4757dba14c49c9eace2b88552ffff,102813522,eip155:56:tx:0xe1044ff1b334cc42924c8e82c7fcf925ce42393d9c0eab7af8511e068e0756e5,2026-09-14T12:01:35Z,not_attempted
launch:a8f4cdabec2a8e9f19a0792e,eip155:56:0x49f342a101b1cd3cc766017ba4c2b1d481f0ffff,0x49f342a101b1cd3cc766017ba4c2b1d481f0ffff,102813523,eip155:56:tx:0x36706c0f4965a7ada4ac5ed8c7841cf04c7bb575a5a87f4827374df792497de2,2026-09-14T12:01:42Z,not_attempted
launch:46ab750e2dd281b90aaee4d1,eip155:56:0x2fcf6d9dcd152bce946a771a377af10ce0b0ffff,0x2fcf6d9dcd152bce946a771a377af10ce0b0ffff,102813524,eip155:56:tx:0x4ab4b726e412cecb77f2db58a71d406d89fc62927ea1d25bdb352a90b727f9c8,2026-09-14T12:01:42Z,not_attempted
launch:8726247e10a8d9c6f49adc1a,eip155:56:0x083ca9166edff3ef47b7546556d6e68e612dffff,0x083ca9166edff3ef47b7546556d6e68e612dffff,102813525,eip155:56:tx:0x6232980206bffe8614d5a41513435549ae23cee08d6b7ec643b9b93efe84c79b,2026-09-14T12:01:45Z,not_attempted
launch:12e547f4acaf45c2179ac605,eip155:56:0xe2e8fe74d519af72a51d1edd8e76b1b5d5e3ffff,0xe2e8fe74d519af72a51d1edd8e76b1b5d5e3ffff,102813526,eip155:56:tx:0x94ec1b9fb62ba5359dedfbb8f18f86e4d50894b26286af01ea2af0962b3a33c7,2026-09-14T12:01:47Z,not_attempted
launch:c401bc81711370e3ffe681eb,eip155:56:0x314c11c80e50fa74eecea5adebca0509ef91ffff,0x314c11c80e50fa74eecea5adebca0509ef91ffff,102813528,eip155:56:tx:0x27c7eb08f4d4ced12cca508db69f85038998ba94b3422afbdddfdfef12a3a2ee,2026-09-14T12:01:49Z,not_attempted
launch:cb36219371214fe9390d0089,eip155:56:0xe83649974364827133fd88ef7793a08eb33bffff,0xe83649974364827133fd88ef7793a08eb33bffff,102813530,eip155:56:tx:0xf47bd89ce3966307d4767508cfaed74ce0c0953f63bc997851ee3be7ed1e3e41,2026-09-14T12:01:49Z,not_attempted
launch:b4c7c2694c8d83f2c8e5397a,eip155:56:0x7f448cf0d146e458e9be15562cf401c6863dffff,0x7f448cf0d146e458e9be15562cf401c6863dffff,102813531,eip155:56:tx:0x520887bec9fdc7eda1247eb0c70279985172e408187b0001280963038000b79d,2026-09-14T12:01:51Z,not_attempted
launch:36fdf87c1fc65bed0461e3e5,eip155:56:0xa840a22cc9c6e2baf9372786592bb2581f0dffff,0xa840a22cc9c6e2baf9372786592bb2581f0dffff,102813537,eip155:56:tx:0x3899d1c708e89d754f2938895bac2f45601bd7d390978f2c65b630d22e671413,2026-09-14T12:01:52Z,not_attempted
launch:52ff0051aae688b864e2941b,eip155:56:0x86e0a12f435a9f6b456f88050bebe0fe905effff,0x86e0a12f435a9f6b456f88050bebe0fe905effff,102813540,eip155:56:tx:0x6ab617771f390a1f5053d925b792c6c4751382c4c5253bdfdcd5dc2795b000ef,2026-09-14T12:01:53Z,not_attempted
launch:5bce8b08177b46f925a5b787,eip155:56:0x12317f71512fc1db0f2633ec37e109c5a642ffff,0x12317f71512fc1db0f2633ec37e109c5a642ffff,102813541,eip155:56:tx:0xcd9af42f78d3120e97985508f25ba6538fafdcd3c2a4872f279d64e395991efa,2026-09-14T12:01:53Z,not_attempted
launch:5c2693583b105dd8be6cb122,eip155:56:0x9f9ad5616e8b7b73fd7c2c7c78c6e74382d3ffff,0x9f9ad5616e8b7b73fd7c2c7c78c6e74382d3ffff,102813538,eip155:56:tx:0xfe540291d726227b3cf46612b6c7802f753ab2662b7836b0eaa7e0046d79c68a,2026-09-14T12:01:53Z,not_attempted
launch:46b051e020cf6da1db3f7a67,eip155:56:0x205c0c815d80931eaf46a94253d596eca266ffff,0x205c0c815d80931eaf46a94253d596eca266ffff,102813544,eip155:56:tx:0x7d60fc399ecc1aaef9477f4b8ee108aef1146327b776760b8d71c2af9557d967,2026-09-14T12:01:55Z,not_attempted
launch:e6ad62734321bbe50275ed3a,eip155:56:0x427ea062ac912f36486cfe5a14bdb78ef99bffff,0x427ea062ac912f36486cfe5a14bdb78ef99bffff,102813546,eip155:56:tx:0x2342dd54f3c6497b841673467fe90299a9d4323707404821461f96ef0d755ed5,2026-09-14T12:01:57Z,not_attempted
launch:7d44194005cf67b9974a9316,eip155:56:0xf049ff7fa2da907a61cec6363f6519c0a921ffff,0xf049ff7fa2da907a61cec6363f6519c0a921ffff,102813548,eip155:56:tx:0x728b79b71db7a82b4c9b321fd8717d2acc4316ca76729c534ed09c40a7d2d834,2026-09-14T12:01:58Z,not_attempted
launch:9710f9ea1bd122be83c2017f,eip155:56:0x91da704f7ef7af2d1190aa8d5b9e69e11f2bffff,0x91da704f7ef7af2d1190aa8d5b9e69e11f2bffff,102813549,eip155:56:tx:0x0cd6fbd69539e6c146f9790fe7e033a55e63704f9bfa78484aa5885bdb52992e,2026-09-14T12:01:59Z,not_attempted
launch:5ae2e2d22883256fd99aaba7,eip155:56:0x59a83d9be35cc214a2e80cf06a0c975a5ac5ffff,0x59a83d9be35cc214a2e80cf06a0c975a5ac5ffff,102813552,eip155:56:tx:0xef6055c7573633488d385b026f3ebdfd1ed4b4cc27dc1a3653e17f22036fd7ed,2026-09-14T12:01:59Z,not_attempted
launch:5659968cf67a7d48ac35268a,eip155:56:0x17ee4db8c21cf91a9611066bc710b74fb99effff,0x17ee4db8c21cf91a9611066bc710b74fb99effff,102813553,eip155:56:tx:0x9fafb4b2e710620b9a4b2c66feaed379d01419530262c2ef300e5323018a300c,2026-09-14T12:02:00Z,not_attempted
launch:7f9d20e91d1054a24795295c,eip155:56:0x4e083a3fc15bc537fa8273a4e624ff6b247dffff,0x4e083a3fc15bc537fa8273a4e624ff6b247dffff,102813558,eip155:56:tx:0xa9a844dd9ff673b74e63ea9470fbcd7f078c9035c5f20c986969bb4fa5bdfc05,2026-09-14T12:02:07Z,not_attempted
launch:1c43e50a11748885b6a656b5,eip155:56:0xbfa2269e383fdb87afcd50d1cc3f69b1dc6affff,0xbfa2269e383fdb87afcd50d1cc3f69b1dc6affff,102813559,eip155:56:tx:0xb9a1f713352c9f3939bb0c5d85ed91b9337db65b221c950f5e9a99eb0cbb107b,2026-09-14T12:02:07Z,access_restricted_here
launch:c841a70f7e3c4755c337bc45,eip155:56:0x9b0a5b5f891934b870a9b53c6dcf3b682ef2ffff,0x9b0a5b5f891934b870a9b53c6dcf3b682ef2ffff,102813560,eip155:56:tx:0x9f1f2059b00efe133b8fce8229999735e6e9fedba91a614251da34ac66488022,2026-09-14T12:02:12Z,not_attempted
launch:285a02871018cf136b054d0e,eip155:56:0xe3736747e576c2682e3bc705dec7dde6e3cbffff,0xe3736747e576c2682e3bc705dec7dde6e3cbffff,102813562,eip155:56:tx:0x95aa8d8680885fb95470e140a38c86b7d0feb96a6076f0e8eb155faed0d4034e,2026-09-14T12:02:20Z,not_attempted
launch:31a4660ed7e2cd4011b9733c,eip155:56:0x104dc9d6f9eefd0f4016f44e8b91ad3e83b5ffff,0x104dc9d6f9eefd0f4016f44e8b91ad3e83b5ffff,102813564,eip155:56:tx:0x33dd505f00ac2c6d835aa54476ee8aa1495203cff9c5937a56d60b6efb2f89ba,2026-09-14T12:02:26Z,not_attempted
launch:660c8d77226c7ee15df0ea9a,eip155:56:0x2f906bb5e779652e43cb9a2e87eb86b3491cffff,0x2f906bb5e779652e43cb9a2e87eb86b3491cffff,102813568,eip155:56:tx:0x2910ba900ce2cef29a1326b80ce2cc2e6423aa052037de24661766672bced97d,2026-09-14T12:02:32Z,not_attempted
launch:994859c0696639bb4f33ac1a,eip155:56:0x9d3ddd2b09ef7b38b03f0743574f67912fd7ffff,0x9d3ddd2b09ef7b38b03f0743574f67912fd7ffff,102813567,eip155:56:tx:0x5e524fcfb421603a2ff2d3e1f39f2831ac1bfa6c3ac2ae56466209fd4c2628e0,2026-09-14T12:02:33Z,not_attempted
launch:580aa6cfaa7419151da1fcf0,eip155:56:0xb04430a790bcb74723349d969e106bf25acdffff,0xb04430a790bcb74723349d969e106bf25acdffff,102813569,eip155:56:tx:0x76a1b179f4b96a609ffdabfa79f996c78d78b1c09e728d949ecb27c819aae6d5,2026-09-14T12:02:38Z,not_attempted
launch:3d8edd16ee76a604338233d4,eip155:56:0x879655c2f847fe5a0550bd5db19bc0cabdd8ffff,0x879655c2f847fe5a0550bd5db19bc0cabdd8ffff,102813570,eip155:56:tx:0xeef63ca894ff5d56499fb5076f69c6d89ee2ea93d5530945bf48cc1052ea61e5,2026-09-14T12:02:43Z,not_attempted
launch:8ad81f258289f1ffeeecf855,eip155:56:0xd4c759630467cac11bfd51600ced9b685be4ffff,0xd4c759630467cac11bfd51600ced9b685be4ffff,102813572,eip155:56:tx:0x54aa89a862633d1ce5d69b514300436e0f32eb7f0699b16b24291035c4e3fa61,2026-09-14T12:02:46Z,not_attempted
launch:e3919d281264aae2894aa706,eip155:56:0x677fcaf6f7d541aa937dde816327d6d19effffff,0x677fcaf6f7d541aa937dde816327d6d19effffff,102813571,eip155:56:tx:0x4f9340d9f60476a8c42edc64c99c0673f3bd7a9b26bb8aad03c04c9e2c8fc4df,2026-09-14T12:02:47Z,not_attempted
launch:4e702f77cd913bd0720f9f69,eip155:56:0x60f25e663fd47a000f274a6ec7e3a59707afffff,0x60f25e663fd47a000f274a6ec7e3a59707afffff,102813573,eip155:56:tx:0xfcbe5c816a9e718b62ebfb3f7974a9082a50be6182d1d0121cb6b40f9637f804,2026-09-14T12:02:47Z,not_attempted
launch:da082d5f4c074756bbabeb29,eip155:56:0x794db071ab0284b0108622907bfe555702a2ffff,0x794db071ab0284b0108622907bfe555702a2ffff,102813574,eip155:56:tx:0xcdbce8a900d7254b9d275c612ee3bbc2ab22c3288ca097dc381d9c1a155eda55,2026-09-14T12:02:49Z,not_attempted
launch:0cac123cd103f4dec4289efe,eip155:56:0x85db7c85d68aadaba9948934f1d9fc5fd774ffff,0x85db7c85d68aadaba9948934f1d9fc5fd774ffff,102813575,eip155:56:tx:0xf4b5e8b01b0596654cf6ca931a94be83798b79bf17a8d28c489b91242c2f7914,2026-09-14T12:02:54Z,not_attempted
launch:e1487bdd24c14f2144f8b1ee,eip155:56:0xc52915806fd8cb7c5bf27528c14e59fbf8a1ffff,0xc52915806fd8cb7c5bf27528c14e59fbf8a1ffff,102813578,eip155:56:tx:0x810b1ce876c0a6fdc0d4125bd05824953f90af6858e6e9e616d24de0f78bb703,2026-09-14T12:03:01Z,not_attempted
launch:da753b416c60d7fdf1952b6b,eip155:56:0x39d97ee4c8ca39fe931e1df494c935ffb21bffff,0x39d97ee4c8ca39fe931e1df494c935ffb21bffff,102813579,eip155:56:tx:0xde89af175bb438b906f9d14841e443cf02ff15d687e508f9dd6d1bdce3cc91e3,2026-09-14T12:03:07Z,not_attempted
launch:e08946cda85c24aad02fe1ad,eip155:56:0x08de765210a6942809baf5acf8dfe972ababffff,0x08de765210a6942809baf5acf8dfe972ababffff,102813580,eip155:56:tx:0xe9992d41c7ea93c71bb15e0c753e321c7d29ac11da6ce77b2b29849e868d803f,2026-09-14T12:03:12Z,not_attempted
launch:9245449643250ac6bfe01857,eip155:56:0x263610e07379e0a250721938e845d4176234ffff,0x263610e07379e0a250721938e845d4176234ffff,102813583,eip155:56:tx:0x818a9c3bfdd8491f78a83ec1c0fe3778e51b27e001a7cd5d5abaceb6ea6495f3,2026-09-14T12:03:40Z,not_attempted
launch:346cd074857f0b4092a29970,eip155:56:0xa83771f99f11d26ff30395b6f76c82e77fd4ffff,0xa83771f99f11d26ff30395b6f76c82e77fd4ffff,102813584,eip155:56:tx:0x2fc07efe249f41e5c9f18e311397c20ee6ced083628bd7a9900eeda0f0a79eac,2026-09-14T12:03:46Z,not_attempted
launch:0a0e833c8ac6f2ea0fdd07ac,eip155:56:0xc95c345823683a2fe5641808995d35c4e36dffff,0xc95c345823683a2fe5641808995d35c4e36dffff,102813586,eip155:56:tx:0x0bf922294aa7d1bdb4ea03afff86c00f213833fbc76689cadd4927ccb0861308,2026-09-14T12:03:56Z,not_attempted
launch:caae0e7c7387c328340950cc,eip155:56:0x5e92efcadc195110b40db0c976f50099b7bfffff,0x5e92efcadc195110b40db0c976f50099b7bfffff,102813588,eip155:56:tx:0xf8a28304cd6512c03cd6a939dc1bc01fa8398882744686c5b7d15ec03a9bca22,2026-09-14T12:04:21Z,not_attempted
launch:d4ede5a2b117493a7a053b90,eip155:56:0xd94ae9d68b94d705357bddd1c1bf8afa419affff,0xd94ae9d68b94d705357bddd1c1bf8afa419affff,102813589,eip155:56:tx:0x6a3c8cf743bd63d4e947de30ab9f6bffe70d6ace2827a8c9ac4a6603149436df,2026-09-14T12:04:29Z,not_attempted
launch:d644a7ec1ba4da2a7e093e9f,eip155:56:0x18e7c7c38e80b4a49fa3a8be1bfca0fbc769ffff,0x18e7c7c38e80b4a49fa3a8be1bfca0fbc769ffff,102813591,eip155:56:tx:0x7e2a219f737fb9f5204e241f73c68882fdecdad2afaedf3597e1304c83d0c04a,2026-09-14T12:04:33Z,not_attempted
launch:4dddcc78787a10c61ad6f619,eip155:56:0x119c277e147bc5d899889db3520f70968277ffff,0x119c277e147bc5d899889db3520f70968277ffff,102813594,eip155:56:tx:0x6cedf78cd6b2b40b9f9bf4cfc32a8868ec41f8dab67684d7b3d0b34c8c3f59c6,2026-09-14T12:04:40Z,not_attempted
launch:26c03be999ece4bd989428d9,eip155:56:0x633db517042fbb16cf00ef9f620efc5d5ac2ffff,0x633db517042fbb16cf00ef9f620efc5d5ac2ffff,102813593,eip155:56:tx:0x807d752724aaafe5846493c61baf24c4bb3fccb2b0d03ebbe749593ad5a373cd,2026-09-14T12:04:40Z,not_attempted
launch:878091d5fee6f21a2c2c9513,eip155:56:0xe500c87b40ad2ae296ff653415f765c92be9ffff,0xe500c87b40ad2ae296ff653415f765c92be9ffff,102813596,eip155:56:tx:0x25673cf727d6872af72ddb237fadabc43ad36af72476f9faa6c65d799556e882,2026-09-14T12:04:45Z,not_attempted
launch:6153d61172cf9a6b3b7bedf1,eip155:56:0xe2f22304d12edfaa8705f8af1fbcdb9190cdffff,0xe2f22304d12edfaa8705f8af1fbcdb9190cdffff,102813595,eip155:56:tx:0xa6d3034583ecd5dcf45a62d083bd6db9049e0d97db08367590060b1ca7bb0c78,2026-09-14T12:04:45Z,not_attempted
launch:d622c0478420a1c3c54f1d11,eip155:56:0x4119ab90c8ad9e7dc8f5a7900d3790796917ffff,0x4119ab90c8ad9e7dc8f5a7900d3790796917ffff,102813598,eip155:56:tx:0x69c1d73989a3d94a367ace36014fcb6e4fd6eb694bedcd108337aa4102326a0f,2026-09-14T12:04:53Z,not_attempted
launch:87f8617af41e531fb738d585,eip155:56:0xf1f5e76c53d24715eb23f6c68f0d72da04eaffff,0xf1f5e76c53d24715eb23f6c68f0d72da04eaffff,102813599,eip155:56:tx:0x6d66b7af746d88791d6da75c46a041bc94fbd26efee036efa1b755c738375d77,2026-09-14T12:04:53Z,access_restricted_here
