chain,platform,operation,execution_effect,decode_status,minute_index,minute_utc,record_count,distinct_transactions,coverage
bsc,four.meme,creation,committed,decoded,0,2026-09-14T12:00:00+00:00,4,4,complete
bsc,four.meme,creation,committed,decoded,1,2026-09-14T12:01:00+00:00,21,21,complete
bsc,four.meme,creation,committed,decoded,2,2026-09-14T12:02:00+00:00,15,15,complete
bsc,four.meme,creation,committed,decoded,3,2026-09-14T12:03:00+00:00,6,6,complete
bsc,four.meme,creation,committed,decoded,4,2026-09-14T12:04:00+00:00,9,9,complete
bsc,four.meme,trade,committed,decoded,0,2026-09-14T12:00:00+00:00,6,6,complete
bsc,four.meme,trade,committed,decoded,1,2026-09-14T12:01:00+00:00,16,16,complete
bsc,four.meme,trade,committed,decoded,2,2026-09-14T12:02:00+00:00,16,16,complete
bsc,four.meme,trade,committed,decoded,3,2026-09-14T12:03:00+00:00,8,8,complete
bsc,four.meme,trade,committed,decoded,4,2026-09-14T12:04:00+00:00,5,5,complete
bsc,four.meme,unknown,committed,unknown_layout,0,2026-09-14T12:00:00+00:00,6,6,complete
bsc,four.meme,unknown,committed,unknown_layout,1,2026-09-14T12:01:00+00:00,16,16,complete
bsc,four.meme,unknown,committed,unknown_layout,2,2026-09-14T12:02:00+00:00,16,16,complete
bsc,four.meme,unknown,committed,unknown_layout,3,2026-09-14T12:03:00+00:00,8,8,complete
bsc,four.meme,unknown,committed,unknown_layout,4,2026-09-14T12:04:00+00:00,5,5,complete
solana,pump.fun,creation,committed,decoded,0,2026-09-14T12:00:00+00:00,12,12,complete
solana,pump.fun,creation,committed,decoded,1,2026-09-14T12:01:00+00:00,12,12,complete
solana,pump.fun,creation,committed,decoded,2,2026-09-14T12:02:00+00:00,18,18,complete
solana,pump.fun,creation,committed,decoded,3,2026-09-14T12:03:00+00:00,9,9,complete
solana,pump.fun,creation,committed,decoded,4,2026-09-14T12:04:00+00:00,10,10,complete
solana,pump.fun,creation,not_committed,decoded,0,2026-09-14T12:00:00+00:00,2,2,complete
solana,pump.fun,creation,not_committed,decoded,1,2026-09-14T12:01:00+00:00,3,3,complete
solana,pump.fun,creation,not_committed,decoded,2,2026-09-14T12:02:00+00:00,1,1,complete
solana,pump.fun,creation,not_committed,decoded,3,2026-09-14T12:03:00+00:00,1,1,complete
solana,pump.fun,curve_complete,committed,decoded,0,2026-09-14T12:00:00+00:00,1,1,complete
solana,pump.fun,curve_complete,committed,decoded,2,2026-09-14T12:02:00+00:00,2,2,complete
solana,pump.fun,curve_complete,committed,decoded,4,2026-09-14T12:04:00+00:00,3,3,complete
solana,pump.fun,migration,unknown,decoded,0,2026-09-14T12:00:00+00:00,1,1,complete
solana,pump.fun,migration,unknown,decoded,2,2026-09-14T12:02:00+00:00,2,2,complete
solana,pump.fun,migration,unknown,decoded,4,2026-09-14T12:04:00+00:00,3,3,complete
solana,pump.fun,other.ClaimCashbackEvent,committed,decoded,0,2026-09-14T12:00:00+00:00,9,8,complete
solana,pump.fun,other.ClaimCashbackEvent,committed,decoded,1,2026-09-14T12:01:00+00:00,10,8,complete
solana,pump.fun,other.ClaimCashbackEvent,committed,decoded,2,2026-09-14T12:02:00+00:00,8,8,complete
solana,pump.fun,other.ClaimCashbackEvent,committed,decoded,3,2026-09-14T12:03:00+00:00,12,12,complete
solana,pump.fun,other.ClaimCashbackEvent,committed,decoded,4,2026-09-14T12:04:00+00:00,14,11,complete
solana,pump.fun,other.ClaimCashbackEvent,not_committed,decoded,2,2026-09-14T12:02:00+00:00,2,2,complete
solana,pump.fun,other.CloseUserVolumeAccumulatorEvent,committed,decoded,0,2026-09-14T12:00:00+00:00,96,96,complete
solana,pump.fun,other.CloseUserVolumeAccumulatorEvent,committed,decoded,1,2026-09-14T12:01:00+00:00,55,55,complete
solana,pump.fun,other.CloseUserVolumeAccumulatorEvent,committed,decoded,2,2026-09-14T12:02:00+00:00,67,67,complete
solana,pump.fun,other.CloseUserVolumeAccumulatorEvent,committed,decoded,3,2026-09-14T12:03:00+00:00,74,74,complete
solana,pump.fun,other.CloseUserVolumeAccumulatorEvent,committed,decoded,4,2026-09-14T12:04:00+00:00,79,79,complete
solana,pump.fun,other.CloseUserVolumeAccumulatorEvent,not_committed,decoded,3,2026-09-14T12:03:00+00:00,2,2,complete
solana,pump.fun,other.CloseUserVolumeAccumulatorEvent,unknown,decoded,0,2026-09-14T12:00:00+00:00,2,2,complete
solana,pump.fun,other.CloseUserVolumeAccumulatorEvent,unknown,decoded,1,2026-09-14T12:01:00+00:00,6,6,complete
solana,pump.fun,other.CloseUserVolumeAccumulatorEvent,unknown,decoded,2,2026-09-14T12:02:00+00:00,7,7,complete
solana,pump.fun,other.CloseUserVolumeAccumulatorEvent,unknown,decoded,3,2026-09-14T12:03:00+00:00,4,4,complete
solana,pump.fun,other.CloseUserVolumeAccumulatorEvent,unknown,decoded,4,2026-09-14T12:04:00+00:00,5,5,complete
solana,pump.fun,other.CollectCreatorFeeEvent,committed,decoded,0,2026-09-14T12:00:00+00:00,5,5,complete
solana,pump.fun,other.CollectCreatorFeeEvent,committed,decoded,1,2026-09-14T12:01:00+00:00,2,2,complete
solana,pump.fun,other.CollectCreatorFeeEvent,committed,decoded,2,2026-09-14T12:02:00+00:00,6,5,complete
solana,pump.fun,other.CollectCreatorFeeEvent,committed,decoded,3,2026-09-14T12:03:00+00:00,2,2,complete
solana,pump.fun,other.CollectCreatorFeeEvent,committed,decoded,4,2026-09-14T12:04:00+00:00,5,5,complete
solana,pump.fun,other.DistributeCreatorFeesEvent,committed,decoded,0,2026-09-14T12:00:00+00:00,8,8,complete
solana,pump.fun,other.DistributeCreatorFeesEvent,committed,decoded,1,2026-09-14T12:01:00+00:00,1,1,complete
solana,pump.fun,other.DistributeCreatorFeesEvent,committed,decoded,2,2026-09-14T12:02:00+00:00,7,7,complete
solana,pump.fun,other.DistributeCreatorFeesEvent,committed,decoded,3,2026-09-14T12:03:00+00:00,13,13,complete
solana,pump.fun,other.DistributeCreatorFeesEvent,committed,decoded,4,2026-09-14T12:04:00+00:00,6,6,complete
solana,pump.fun,other.DistributeFeeToHoldersEvent,committed,decoded,0,2026-09-14T12:00:00+00:00,131,131,complete
solana,pump.fun,other.DistributeFeeToHoldersEvent,committed,decoded,1,2026-09-14T12:01:00+00:00,13,13,complete
solana,pump.fun,other.DistributeFeeToHoldersEvent,committed,decoded,2,2026-09-14T12:02:00+00:00,8,8,complete
solana,pump.fun,other.DistributeFeeToHoldersEvent,committed,decoded,3,2026-09-14T12:03:00+00:00,34,34,complete
solana,pump.fun,other.DistributeFeeToHoldersEvent,committed,decoded,4,2026-09-14T12:04:00+00:00,56,56,complete
solana,pump.fun,other.ExtendAccountEvent,committed,decoded,0,2026-09-14T12:00:00+00:00,7,7,complete
solana,pump.fun,other.ExtendAccountEvent,committed,decoded,1,2026-09-14T12:01:00+00:00,8,8,complete
solana,pump.fun,other.ExtendAccountEvent,committed,decoded,2,2026-09-14T12:02:00+00:00,7,7,complete
solana,pump.fun,other.ExtendAccountEvent,committed,decoded,3,2026-09-14T12:03:00+00:00,9,9,complete
solana,pump.fun,other.ExtendAccountEvent,committed,decoded,4,2026-09-14T12:04:00+00:00,5,5,complete
solana,pump.fun,other.ExtendAccountEvent,not_committed,decoded,0,2026-09-14T12:00:00+00:00,1,1,complete
solana,pump.fun,other.ExtendAccountEvent,unknown,decoded,3,2026-09-14T12:03:00+00:00,2,2,complete
solana,pump.fun,other.ExtendAccountEvent,unknown,decoded,4,2026-09-14T12:04:00+00:00,1,1,complete
solana,pump.fun,other.InitUserVolumeAccumulatorEvent,committed,decoded,0,2026-09-14T12:00:00+00:00,10,10,complete
solana,pump.fun,other.InitUserVolumeAccumulatorEvent,committed,decoded,1,2026-09-14T12:01:00+00:00,10,10,complete
solana,pump.fun,other.InitUserVolumeAccumulatorEvent,committed,decoded,2,2026-09-14T12:02:00+00:00,10,10,complete
solana,pump.fun,other.InitUserVolumeAccumulatorEvent,committed,decoded,3,2026-09-14T12:03:00+00:00,20,20,complete
solana,pump.fun,other.InitUserVolumeAccumulatorEvent,committed,decoded,4,2026-09-14T12:04:00+00:00,17,17,complete
solana,pump.fun,other.InitUserVolumeAccumulatorEvent,not_committed,decoded,2,2026-09-14T12:02:00+00:00,2,2,complete
solana,pump.fun,other.InitUserVolumeAccumulatorEvent,unknown,decoded,1,2026-09-14T12:01:00+00:00,1,1,complete
solana,pump.fun,other.MigrateBondingCurveCreatorEvent,committed,decoded,3,2026-09-14T12:03:00+00:00,2,2,complete
solana,pump.fun,trade,committed,decoded,0,2026-09-14T12:00:00+00:00,1314,1314,complete
solana,pump.fun,trade,committed,decoded,1,2026-09-14T12:01:00+00:00,1446,1446,complete
solana,pump.fun,trade,committed,decoded,2,2026-09-14T12:02:00+00:00,1761,1761,complete
solana,pump.fun,trade,committed,decoded,3,2026-09-14T12:03:00+00:00,1983,1982,complete
solana,pump.fun,trade,committed,decoded,4,2026-09-14T12:04:00+00:00,1242,1242,complete
solana,pump.fun,trade,not_committed,decoded,0,2026-09-14T12:00:00+00:00,1,1,complete
solana,pump.fun,trade,not_committed,decoded,1,2026-09-14T12:01:00+00:00,3,3,complete
solana,pump.fun,trade,not_committed,decoded,2,2026-09-14T12:02:00+00:00,3,3,complete
solana,pump.fun,trade,not_committed,decoded,3,2026-09-14T12:03:00+00:00,5,5,complete
solana,pump.fun,trade,not_committed,decoded,4,2026-09-14T12:04:00+00:00,2,2,complete
solana,pump.fun,trade,unknown,decoded,0,2026-09-14T12:00:00+00:00,7,7,complete
solana,pump.fun,trade,unknown,decoded,1,2026-09-14T12:01:00+00:00,11,11,complete
solana,pump.fun,trade,unknown,decoded,2,2026-09-14T12:02:00+00:00,19,19,complete
solana,pump.fun,trade,unknown,decoded,3,2026-09-14T12:03:00+00:00,14,14,complete
solana,pump.fun,trade,unknown,decoded,4,2026-09-14T12:04:00+00:00,13,13,complete
solana,pump.fun.pumpswap,liquidity_add,committed,decoded,2,2026-09-14T12:02:00+00:00,2,2,complete
solana,pump.fun.pumpswap,liquidity_add,committed,decoded,4,2026-09-14T12:04:00+00:00,2,2,complete
solana,pump.fun.pumpswap,liquidity_remove,committed,decoded,0,2026-09-14T12:00:00+00:00,4,4,complete
solana,pump.fun.pumpswap,liquidity_remove,committed,decoded,1,2026-09-14T12:01:00+00:00,1,1,complete
solana,pump.fun.pumpswap,liquidity_remove,committed,decoded,2,2026-09-14T12:02:00+00:00,4,4,complete
solana,pump.fun.pumpswap,liquidity_remove,committed,decoded,3,2026-09-14T12:03:00+00:00,1,1,complete
solana,pump.fun.pumpswap,liquidity_remove,committed,decoded,4,2026-09-14T12:04:00+00:00,3,3,complete
solana,pump.fun.pumpswap,other.BoostBuyAndBurnEvent,committed,decoded,0,2026-09-14T12:00:00+00:00,23,23,complete
solana,pump.fun.pumpswap,other.BoostBuyAndBurnEvent,committed,decoded,1,2026-09-14T12:01:00+00:00,17,17,complete
solana,pump.fun.pumpswap,other.BoostBuyAndBurnEvent,committed,decoded,2,2026-09-14T12:02:00+00:00,15,15,complete
solana,pump.fun.pumpswap,other.BoostBuyAndBurnEvent,committed,decoded,3,2026-09-14T12:03:00+00:00,6,6,complete
solana,pump.fun.pumpswap,other.BoostBuyAndBurnEvent,committed,decoded,4,2026-09-14T12:04:00+00:00,7,7,complete
solana,pump.fun.pumpswap,other.ClaimCashbackEvent,committed,decoded,0,2026-09-14T12:00:00+00:00,28,26,complete
solana,pump.fun.pumpswap,other.ClaimCashbackEvent,committed,decoded,1,2026-09-14T12:01:00+00:00,14,13,complete
solana,pump.fun.pumpswap,other.ClaimCashbackEvent,committed,decoded,2,2026-09-14T12:02:00+00:00,14,13,complete
solana,pump.fun.pumpswap,other.ClaimCashbackEvent,committed,decoded,3,2026-09-14T12:03:00+00:00,19,19,complete
solana,pump.fun.pumpswap,other.ClaimCashbackEvent,committed,decoded,4,2026-09-14T12:04:00+00:00,19,18,complete
solana,pump.fun.pumpswap,other.ClaimCashbackEvent,unknown,decoded,1,2026-09-14T12:01:00+00:00,2,2,complete
solana,pump.fun.pumpswap,other.ClaimCashbackEvent,unknown,decoded,2,2026-09-14T12:02:00+00:00,1,1,complete
solana,pump.fun.pumpswap,other.ClaimCashbackEvent,unknown,decoded,4,2026-09-14T12:04:00+00:00,2,2,complete
solana,pump.fun.pumpswap,other.CloseUserVolumeAccumulatorEvent,committed,decoded,0,2026-09-14T12:00:00+00:00,248,248,complete
solana,pump.fun.pumpswap,other.CloseUserVolumeAccumulatorEvent,committed,decoded,1,2026-09-14T12:01:00+00:00,168,167,complete
solana,pump.fun.pumpswap,other.CloseUserVolumeAccumulatorEvent,committed,decoded,2,2026-09-14T12:02:00+00:00,214,214,complete
solana,pump.fun.pumpswap,other.CloseUserVolumeAccumulatorEvent,committed,decoded,3,2026-09-14T12:03:00+00:00,209,206,complete
solana,pump.fun.pumpswap,other.CloseUserVolumeAccumulatorEvent,committed,decoded,4,2026-09-14T12:04:00+00:00,210,201,complete
solana,pump.fun.pumpswap,other.CloseUserVolumeAccumulatorEvent,not_committed,decoded,0,2026-09-14T12:00:00+00:00,1,1,complete
solana,pump.fun.pumpswap,other.CloseUserVolumeAccumulatorEvent,not_committed,decoded,1,2026-09-14T12:01:00+00:00,3,3,complete
solana,pump.fun.pumpswap,other.CloseUserVolumeAccumulatorEvent,not_committed,decoded,2,2026-09-14T12:02:00+00:00,3,3,complete
solana,pump.fun.pumpswap,other.CloseUserVolumeAccumulatorEvent,not_committed,decoded,3,2026-09-14T12:03:00+00:00,3,3,complete
solana,pump.fun.pumpswap,other.CloseUserVolumeAccumulatorEvent,not_committed,decoded,4,2026-09-14T12:04:00+00:00,1,1,complete
solana,pump.fun.pumpswap,other.CloseUserVolumeAccumulatorEvent,unknown,decoded,0,2026-09-14T12:00:00+00:00,18,17,complete
solana,pump.fun.pumpswap,other.CloseUserVolumeAccumulatorEvent,unknown,decoded,1,2026-09-14T12:01:00+00:00,19,18,complete
solana,pump.fun.pumpswap,other.CloseUserVolumeAccumulatorEvent,unknown,decoded,2,2026-09-14T12:02:00+00:00,23,22,complete
solana,pump.fun.pumpswap,other.CloseUserVolumeAccumulatorEvent,unknown,decoded,3,2026-09-14T12:03:00+00:00,28,25,complete
solana,pump.fun.pumpswap,other.CloseUserVolumeAccumulatorEvent,unknown,decoded,4,2026-09-14T12:04:00+00:00,39,30,complete
solana,pump.fun.pumpswap,other.CollectCoinCreatorFeeEvent,committed,decoded,0,2026-09-14T12:00:00+00:00,6,6,complete
solana,pump.fun.pumpswap,other.CollectCoinCreatorFeeEvent,committed,decoded,1,2026-09-14T12:01:00+00:00,5,5,complete
solana,pump.fun.pumpswap,other.CollectCoinCreatorFeeEvent,committed,decoded,2,2026-09-14T12:02:00+00:00,6,6,complete
solana,pump.fun.pumpswap,other.CollectCoinCreatorFeeEvent,committed,decoded,3,2026-09-14T12:03:00+00:00,9,9,complete
solana,pump.fun.pumpswap,other.CollectCoinCreatorFeeEvent,committed,decoded,4,2026-09-14T12:04:00+00:00,11,11,complete
solana,pump.fun.pumpswap,other.ExtendAccountEvent,committed,decoded,0,2026-09-14T12:00:00+00:00,1,1,complete
solana,pump.fun.pumpswap,other.ExtendAccountEvent,committed,decoded,1,2026-09-14T12:01:00+00:00,1,1,complete
solana,pump.fun.pumpswap,other.ExtendAccountEvent,committed,decoded,2,2026-09-14T12:02:00+00:00,2,2,complete
solana,pump.fun.pumpswap,other.ExtendAccountEvent,committed,decoded,3,2026-09-14T12:03:00+00:00,2,2,complete
solana,pump.fun.pumpswap,other.ExtendAccountEvent,committed,decoded,4,2026-09-14T12:04:00+00:00,1,1,complete
solana,pump.fun.pumpswap,other.ExtendAccountEvent,not_committed,decoded,2,2026-09-14T12:02:00+00:00,1,1,complete
solana,pump.fun.pumpswap,other.InitBoostEvent,unknown,decoded,2,2026-09-14T12:02:00+00:00,1,1,complete
solana,pump.fun.pumpswap,other.InitBoostEvent,unknown,decoded,4,2026-09-14T12:04:00+00:00,1,1,complete
solana,pump.fun.pumpswap,other.InitUserVolumeAccumulatorEvent,committed,decoded,0,2026-09-14T12:00:00+00:00,12,12,complete
solana,pump.fun.pumpswap,other.InitUserVolumeAccumulatorEvent,committed,decoded,1,2026-09-14T12:01:00+00:00,11,11,complete
solana,pump.fun.pumpswap,other.InitUserVolumeAccumulatorEvent,committed,decoded,2,2026-09-14T12:02:00+00:00,10,10,complete
solana,pump.fun.pumpswap,other.InitUserVolumeAccumulatorEvent,committed,decoded,3,2026-09-14T12:03:00+00:00,21,21,complete
solana,pump.fun.pumpswap,other.InitUserVolumeAccumulatorEvent,committed,decoded,4,2026-09-14T12:04:00+00:00,21,21,complete
solana,pump.fun.pumpswap,other.InitUserVolumeAccumulatorEvent,unknown,decoded,4,2026-09-14T12:04:00+00:00,1,1,complete
solana,pump.fun.pumpswap,pool_initialization,committed,decoded,2,2026-09-14T12:02:00+00:00,2,2,complete
solana,pump.fun.pumpswap,pool_initialization,committed,decoded,3,2026-09-14T12:03:00+00:00,1,1,complete
solana,pump.fun.pumpswap,pool_initialization,unknown,decoded,0,2026-09-14T12:00:00+00:00,1,1,complete
solana,pump.fun.pumpswap,pool_initialization,unknown,decoded,2,2026-09-14T12:02:00+00:00,2,2,complete
solana,pump.fun.pumpswap,pool_initialization,unknown,decoded,4,2026-09-14T12:04:00+00:00,3,3,complete
solana,pump.fun.pumpswap,trade,committed,decoded,0,2026-09-14T12:00:00+00:00,13750,12098,complete
solana,pump.fun.pumpswap,trade,committed,decoded,1,2026-09-14T12:01:00+00:00,13358,11853,complete
solana,pump.fun.pumpswap,trade,committed,decoded,2,2026-09-14T12:02:00+00:00,14199,12532,complete
solana,pump.fun.pumpswap,trade,committed,decoded,3,2026-09-14T12:03:00+00:00,16562,15021,complete
solana,pump.fun.pumpswap,trade,committed,decoded,4,2026-09-14T12:04:00+00:00,15511,13879,complete
solana,pump.fun.pumpswap,trade,not_committed,decoded,0,2026-09-14T12:00:00+00:00,1557,1551,complete
solana,pump.fun.pumpswap,trade,not_committed,decoded,1,2026-09-14T12:01:00+00:00,1214,1204,complete
solana,pump.fun.pumpswap,trade,not_committed,decoded,2,2026-09-14T12:02:00+00:00,1287,1279,complete
solana,pump.fun.pumpswap,trade,not_committed,decoded,3,2026-09-14T12:03:00+00:00,2082,2038,complete
solana,pump.fun.pumpswap,trade,not_committed,decoded,4,2026-09-14T12:04:00+00:00,1318,1306,complete
solana,pump.fun.pumpswap,trade,unknown,decoded,0,2026-09-14T12:00:00+00:00,39,34,complete
solana,pump.fun.pumpswap,trade,unknown,decoded,1,2026-09-14T12:01:00+00:00,40,39,complete
solana,pump.fun.pumpswap,trade,unknown,decoded,2,2026-09-14T12:02:00+00:00,46,40,complete
solana,pump.fun.pumpswap,trade,unknown,decoded,3,2026-09-14T12:03:00+00:00,40,38,complete
solana,pump.fun.pumpswap,trade,unknown,decoded,4,2026-09-14T12:04:00+00:00,56,47,complete
solana,Pump.fun,liquidity_add,no_observed_record,no_decoded_records,0,2026-09-14T12:00:00+00:00,0,0,observed_decoder_subset
solana,Pump.fun,curve_complete,no_observed_record,no_decoded_records,1,2026-09-14T12:01:00+00:00,0,0,observed_decoder_subset
solana,Pump.fun,migration,no_observed_record,no_decoded_records,1,2026-09-14T12:01:00+00:00,0,0,observed_decoder_subset
solana,Pump.fun,pool_initialization,no_observed_record,no_decoded_records,1,2026-09-14T12:01:00+00:00,0,0,observed_decoder_subset
solana,Pump.fun,liquidity_add,no_observed_record,no_decoded_records,1,2026-09-14T12:01:00+00:00,0,0,observed_decoder_subset
solana,Pump.fun,curve_complete,no_observed_record,no_decoded_records,3,2026-09-14T12:03:00+00:00,0,0,observed_decoder_subset
solana,Pump.fun,migration,no_observed_record,no_decoded_records,3,2026-09-14T12:03:00+00:00,0,0,observed_decoder_subset
solana,Pump.fun,liquidity_add,no_observed_record,no_decoded_records,3,2026-09-14T12:03:00+00:00,0,0,observed_decoder_subset
bsc,Four.meme,curve_complete,no_observed_record,no_decoded_records,0,2026-09-14T12:00:00+00:00,0,0,observed_decoder_subset
bsc,Four.meme,migration,no_observed_record,no_decoded_records,0,2026-09-14T12:00:00+00:00,0,0,observed_decoder_subset
bsc,Four.meme,pool_initialization,no_observed_record,no_decoded_records,0,2026-09-14T12:00:00+00:00,0,0,observed_decoder_subset
bsc,Four.meme,liquidity_add,no_observed_record,no_decoded_records,0,2026-09-14T12:00:00+00:00,0,0,observed_decoder_subset
bsc,Four.meme,liquidity_remove,no_observed_record,no_decoded_records,0,2026-09-14T12:00:00+00:00,0,0,observed_decoder_subset
bsc,Four.meme,curve_complete,no_observed_record,no_decoded_records,1,2026-09-14T12:01:00+00:00,0,0,observed_decoder_subset
bsc,Four.meme,migration,no_observed_record,no_decoded_records,1,2026-09-14T12:01:00+00:00,0,0,observed_decoder_subset
bsc,Four.meme,pool_initialization,no_observed_record,no_decoded_records,1,2026-09-14T12:01:00+00:00,0,0,observed_decoder_subset
bsc,Four.meme,liquidity_add,no_observed_record,no_decoded_records,1,2026-09-14T12:01:00+00:00,0,0,observed_decoder_subset
bsc,Four.meme,liquidity_remove,no_observed_record,no_decoded_records,1,2026-09-14T12:01:00+00:00,0,0,observed_decoder_subset
bsc,Four.meme,curve_complete,no_observed_record,no_decoded_records,2,2026-09-14T12:02:00+00:00,0,0,observed_decoder_subset
bsc,Four.meme,migration,no_observed_record,no_decoded_records,2,2026-09-14T12:02:00+00:00,0,0,observed_decoder_subset
bsc,Four.meme,pool_initialization,no_observed_record,no_decoded_records,2,2026-09-14T12:02:00+00:00,0,0,observed_decoder_subset
bsc,Four.meme,liquidity_add,no_observed_record,no_decoded_records,2,2026-09-14T12:02:00+00:00,0,0,observed_decoder_subset
bsc,Four.meme,liquidity_remove,no_observed_record,no_decoded_records,2,2026-09-14T12:02:00+00:00,0,0,observed_decoder_subset
bsc,Four.meme,curve_complete,no_observed_record,no_decoded_records,3,2026-09-14T12:03:00+00:00,0,0,observed_decoder_subset
bsc,Four.meme,migration,no_observed_record,no_decoded_records,3,2026-09-14T12:03:00+00:00,0,0,observed_decoder_subset
bsc,Four.meme,pool_initialization,no_observed_record,no_decoded_records,3,2026-09-14T12:03:00+00:00,0,0,observed_decoder_subset
bsc,Four.meme,liquidity_add,no_observed_record,no_decoded_records,3,2026-09-14T12:03:00+00:00,0,0,observed_decoder_subset
bsc,Four.meme,liquidity_remove,no_observed_record,no_decoded_records,3,2026-09-14T12:03:00+00:00,0,0,observed_decoder_subset
bsc,Four.meme,curve_complete,no_observed_record,no_decoded_records,4,2026-09-14T12:04:00+00:00,0,0,observed_decoder_subset
bsc,Four.meme,migration,no_observed_record,no_decoded_records,4,2026-09-14T12:04:00+00:00,0,0,observed_decoder_subset
bsc,Four.meme,pool_initialization,no_observed_record,no_decoded_records,4,2026-09-14T12:04:00+00:00,0,0,observed_decoder_subset
bsc,Four.meme,liquidity_add,no_observed_record,no_decoded_records,4,2026-09-14T12:04:00+00:00,0,0,observed_decoder_subset
bsc,Four.meme,liquidity_remove,no_observed_record,no_decoded_records,4,2026-09-14T12:04:00+00:00,0,0,observed_decoder_subset
base,Clanker,creation,no_observed_record,no_decoded_records,0,2026-09-14T12:00:00+00:00,0,0,observed_decoder_subset
base,Clanker,trade,no_observed_record,no_decoded_records,0,2026-09-14T12:00:00+00:00,0,0,observed_decoder_subset
base,Clanker,curve_complete,not_applicable,mechanism_not_applicable,0,2026-09-14T12:00:00+00:00,,,mechanism_not_applicable
base,Clanker,migration,not_applicable,mechanism_not_applicable,0,2026-09-14T12:00:00+00:00,,,mechanism_not_applicable
base,Clanker,pool_initialization,no_observed_record,no_decoded_records,0,2026-09-14T12:00:00+00:00,0,0,observed_decoder_subset
base,Clanker,liquidity_add,no_observed_record,no_decoded_records,0,2026-09-14T12:00:00+00:00,0,0,observed_decoder_subset
base,Clanker,liquidity_remove,no_observed_record,no_decoded_records,0,2026-09-14T12:00:00+00:00,0,0,observed_decoder_subset
base,Clanker,creation,no_observed_record,no_decoded_records,1,2026-09-14T12:01:00+00:00,0,0,observed_decoder_subset
base,Clanker,trade,no_observed_record,no_decoded_records,1,2026-09-14T12:01:00+00:00,0,0,observed_decoder_subset
base,Clanker,curve_complete,not_applicable,mechanism_not_applicable,1,2026-09-14T12:01:00+00:00,,,mechanism_not_applicable
base,Clanker,migration,not_applicable,mechanism_not_applicable,1,2026-09-14T12:01:00+00:00,,,mechanism_not_applicable
base,Clanker,pool_initialization,no_observed_record,no_decoded_records,1,2026-09-14T12:01:00+00:00,0,0,observed_decoder_subset
base,Clanker,liquidity_add,no_observed_record,no_decoded_records,1,2026-09-14T12:01:00+00:00,0,0,observed_decoder_subset
base,Clanker,liquidity_remove,no_observed_record,no_decoded_records,1,2026-09-14T12:01:00+00:00,0,0,observed_decoder_subset
base,Clanker,creation,no_observed_record,no_decoded_records,2,2026-09-14T12:02:00+00:00,0,0,observed_decoder_subset
base,Clanker,trade,no_observed_record,no_decoded_records,2,2026-09-14T12:02:00+00:00,0,0,observed_decoder_subset
base,Clanker,curve_complete,not_applicable,mechanism_not_applicable,2,2026-09-14T12:02:00+00:00,,,mechanism_not_applicable
base,Clanker,migration,not_applicable,mechanism_not_applicable,2,2026-09-14T12:02:00+00:00,,,mechanism_not_applicable
base,Clanker,pool_initialization,no_observed_record,no_decoded_records,2,2026-09-14T12:02:00+00:00,0,0,observed_decoder_subset
base,Clanker,liquidity_add,no_observed_record,no_decoded_records,2,2026-09-14T12:02:00+00:00,0,0,observed_decoder_subset
base,Clanker,liquidity_remove,no_observed_record,no_decoded_records,2,2026-09-14T12:02:00+00:00,0,0,observed_decoder_subset
base,Clanker,creation,no_observed_record,no_decoded_records,3,2026-09-14T12:03:00+00:00,0,0,observed_decoder_subset
base,Clanker,trade,no_observed_record,no_decoded_records,3,2026-09-14T12:03:00+00:00,0,0,observed_decoder_subset
base,Clanker,curve_complete,not_applicable,mechanism_not_applicable,3,2026-09-14T12:03:00+00:00,,,mechanism_not_applicable
base,Clanker,migration,not_applicable,mechanism_not_applicable,3,2026-09-14T12:03:00+00:00,,,mechanism_not_applicable
base,Clanker,pool_initialization,no_observed_record,no_decoded_records,3,2026-09-14T12:03:00+00:00,0,0,observed_decoder_subset
base,Clanker,liquidity_add,no_observed_record,no_decoded_records,3,2026-09-14T12:03:00+00:00,0,0,observed_decoder_subset
base,Clanker,liquidity_remove,no_observed_record,no_decoded_records,3,2026-09-14T12:03:00+00:00,0,0,observed_decoder_subset
base,Clanker,creation,no_observed_record,no_decoded_records,4,2026-09-14T12:04:00+00:00,0,0,observed_decoder_subset
base,Clanker,trade,no_observed_record,no_decoded_records,4,2026-09-14T12:04:00+00:00,0,0,observed_decoder_subset
base,Clanker,curve_complete,not_applicable,mechanism_not_applicable,4,2026-09-14T12:04:00+00:00,,,mechanism_not_applicable
base,Clanker,migration,not_applicable,mechanism_not_applicable,4,2026-09-14T12:04:00+00:00,,,mechanism_not_applicable
base,Clanker,pool_initialization,no_observed_record,no_decoded_records,4,2026-09-14T12:04:00+00:00,0,0,observed_decoder_subset
base,Clanker,liquidity_add,no_observed_record,no_decoded_records,4,2026-09-14T12:04:00+00:00,0,0,observed_decoder_subset
base,Clanker,liquidity_remove,no_observed_record,no_decoded_records,4,2026-09-14T12:04:00+00:00,0,0,observed_decoder_subset
