chain,source_asset,target_asset,shared_addresses,union_addresses,jaccard
solana,solana:mainnet:So11111111111111111111111111111111111111112,solana:mainnet:EPjFWdd5AufqSSqeM2qN1xzybapC8G4wEGGkZwyTDt1v,0,49818,0.0
solana,solana:mainnet:So11111111111111111111111111111111111111112,solana:mainnet:Es9vMFrzaCERmJfrF4H2FYD4KCoNkY11McCe8BenwNYB,0,42953,0.0
solana,solana:mainnet:So11111111111111111111111111111111111111112,solana:mainnet:9dQunXVZoNZAiZCK2rA6yq1WLH6n7nBSPLjsLLW7pump,0,43183,0.0
solana,solana:mainnet:So11111111111111111111111111111111111111112,solana:mainnet:12DqvhKnLFV9uiGiQYJeAkSLS7eF5FiE5UE61vA1pump,0,40643,0.0
solana,solana:mainnet:So11111111111111111111111111111111111111112,solana:mainnet:iXNkw6ZzTd1iqzGwKnSmQBmnQejcERj1RkCX58Hpump,0,40371,0.0
solana,solana:mainnet:So11111111111111111111111111111111111111112,solana:mainnet:dEZjoi7HmgBHRiQhAduNRTAAZApJXFGttz3UAoVpump,0,40322,0.0
solana,solana:mainnet:So11111111111111111111111111111111111111112,solana:mainnet:Ai66LHZG9MCzg1WKdawwqduVAXpNDUuV8M3uyq5ppump,0,41250,0.0
solana,solana:mainnet:So11111111111111111111111111111111111111112,solana:mainnet:5xReA5QB1E1hikDA6ZsqLBvhzV18MGqWfcz2rsNzpump,0,41490,0.0
solana,solana:mainnet:So11111111111111111111111111111111111111112,solana:mainnet:DgnSpZRJUm597QHCTu1eTNfZUAMqR9knGDATw3sjpump,0,39538,0.0
solana,solana:mainnet:EPjFWdd5AufqSSqeM2qN1xzybapC8G4wEGGkZwyTDt1v,solana:mainnet:Es9vMFrzaCERmJfrF4H2FYD4KCoNkY11McCe8BenwNYB,0,14325,0.0
solana,solana:mainnet:EPjFWdd5AufqSSqeM2qN1xzybapC8G4wEGGkZwyTDt1v,solana:mainnet:9dQunXVZoNZAiZCK2rA6yq1WLH6n7nBSPLjsLLW7pump,0,14555,0.0
solana,solana:mainnet:EPjFWdd5AufqSSqeM2qN1xzybapC8G4wEGGkZwyTDt1v,solana:mainnet:12DqvhKnLFV9uiGiQYJeAkSLS7eF5FiE5UE61vA1pump,0,12015,0.0
solana,solana:mainnet:EPjFWdd5AufqSSqeM2qN1xzybapC8G4wEGGkZwyTDt1v,solana:mainnet:iXNkw6ZzTd1iqzGwKnSmQBmnQejcERj1RkCX58Hpump,0,11743,0.0
solana,solana:mainnet:EPjFWdd5AufqSSqeM2qN1xzybapC8G4wEGGkZwyTDt1v,solana:mainnet:dEZjoi7HmgBHRiQhAduNRTAAZApJXFGttz3UAoVpump,0,11694,0.0
solana,solana:mainnet:EPjFWdd5AufqSSqeM2qN1xzybapC8G4wEGGkZwyTDt1v,solana:mainnet:Ai66LHZG9MCzg1WKdawwqduVAXpNDUuV8M3uyq5ppump,0,12622,0.0
solana,solana:mainnet:EPjFWdd5AufqSSqeM2qN1xzybapC8G4wEGGkZwyTDt1v,solana:mainnet:5xReA5QB1E1hikDA6ZsqLBvhzV18MGqWfcz2rsNzpump,0,12862,0.0
solana,solana:mainnet:EPjFWdd5AufqSSqeM2qN1xzybapC8G4wEGGkZwyTDt1v,solana:mainnet:DgnSpZRJUm597QHCTu1eTNfZUAMqR9knGDATw3sjpump,0,10910,0.0
solana,solana:mainnet:Es9vMFrzaCERmJfrF4H2FYD4KCoNkY11McCe8BenwNYB,solana:mainnet:9dQunXVZoNZAiZCK2rA6yq1WLH6n7nBSPLjsLLW7pump,0,7690,0.0
solana,solana:mainnet:Es9vMFrzaCERmJfrF4H2FYD4KCoNkY11McCe8BenwNYB,solana:mainnet:12DqvhKnLFV9uiGiQYJeAkSLS7eF5FiE5UE61vA1pump,0,5150,0.0
solana,solana:mainnet:Es9vMFrzaCERmJfrF4H2FYD4KCoNkY11McCe8BenwNYB,solana:mainnet:iXNkw6ZzTd1iqzGwKnSmQBmnQejcERj1RkCX58Hpump,0,4878,0.0
solana,solana:mainnet:Es9vMFrzaCERmJfrF4H2FYD4KCoNkY11McCe8BenwNYB,solana:mainnet:dEZjoi7HmgBHRiQhAduNRTAAZApJXFGttz3UAoVpump,0,4829,0.0
solana,solana:mainnet:Es9vMFrzaCERmJfrF4H2FYD4KCoNkY11McCe8BenwNYB,solana:mainnet:Ai66LHZG9MCzg1WKdawwqduVAXpNDUuV8M3uyq5ppump,0,5757,0.0
solana,solana:mainnet:Es9vMFrzaCERmJfrF4H2FYD4KCoNkY11McCe8BenwNYB,solana:mainnet:5xReA5QB1E1hikDA6ZsqLBvhzV18MGqWfcz2rsNzpump,0,5997,0.0
solana,solana:mainnet:Es9vMFrzaCERmJfrF4H2FYD4KCoNkY11McCe8BenwNYB,solana:mainnet:DgnSpZRJUm597QHCTu1eTNfZUAMqR9knGDATw3sjpump,0,4045,0.0
solana,solana:mainnet:9dQunXVZoNZAiZCK2rA6yq1WLH6n7nBSPLjsLLW7pump,solana:mainnet:12DqvhKnLFV9uiGiQYJeAkSLS7eF5FiE5UE61vA1pump,0,5380,0.0
solana,solana:mainnet:9dQunXVZoNZAiZCK2rA6yq1WLH6n7nBSPLjsLLW7pump,solana:mainnet:iXNkw6ZzTd1iqzGwKnSmQBmnQejcERj1RkCX58Hpump,0,5108,0.0
solana,solana:mainnet:9dQunXVZoNZAiZCK2rA6yq1WLH6n7nBSPLjsLLW7pump,solana:mainnet:dEZjoi7HmgBHRiQhAduNRTAAZApJXFGttz3UAoVpump,0,5059,0.0
solana,solana:mainnet:9dQunXVZoNZAiZCK2rA6yq1WLH6n7nBSPLjsLLW7pump,solana:mainnet:Ai66LHZG9MCzg1WKdawwqduVAXpNDUuV8M3uyq5ppump,0,5987,0.0
solana,solana:mainnet:9dQunXVZoNZAiZCK2rA6yq1WLH6n7nBSPLjsLLW7pump,solana:mainnet:5xReA5QB1E1hikDA6ZsqLBvhzV18MGqWfcz2rsNzpump,0,6227,0.0
solana,solana:mainnet:9dQunXVZoNZAiZCK2rA6yq1WLH6n7nBSPLjsLLW7pump,solana:mainnet:DgnSpZRJUm597QHCTu1eTNfZUAMqR9knGDATw3sjpump,0,4275,0.0
solana,solana:mainnet:12DqvhKnLFV9uiGiQYJeAkSLS7eF5FiE5UE61vA1pump,solana:mainnet:iXNkw6ZzTd1iqzGwKnSmQBmnQejcERj1RkCX58Hpump,0,2568,0.0
solana,solana:mainnet:12DqvhKnLFV9uiGiQYJeAkSLS7eF5FiE5UE61vA1pump,solana:mainnet:dEZjoi7HmgBHRiQhAduNRTAAZApJXFGttz3UAoVpump,0,2519,0.0
solana,solana:mainnet:12DqvhKnLFV9uiGiQYJeAkSLS7eF5FiE5UE61vA1pump,solana:mainnet:Ai66LHZG9MCzg1WKdawwqduVAXpNDUuV8M3uyq5ppump,0,3447,0.0
solana,solana:mainnet:12DqvhKnLFV9uiGiQYJeAkSLS7eF5FiE5UE61vA1pump,solana:mainnet:5xReA5QB1E1hikDA6ZsqLBvhzV18MGqWfcz2rsNzpump,0,3687,0.0
solana,solana:mainnet:12DqvhKnLFV9uiGiQYJeAkSLS7eF5FiE5UE61vA1pump,solana:mainnet:DgnSpZRJUm597QHCTu1eTNfZUAMqR9knGDATw3sjpump,0,1735,0.0
solana,solana:mainnet:iXNkw6ZzTd1iqzGwKnSmQBmnQejcERj1RkCX58Hpump,solana:mainnet:dEZjoi7HmgBHRiQhAduNRTAAZApJXFGttz3UAoVpump,0,2247,0.0
solana,solana:mainnet:iXNkw6ZzTd1iqzGwKnSmQBmnQejcERj1RkCX58Hpump,solana:mainnet:Ai66LHZG9MCzg1WKdawwqduVAXpNDUuV8M3uyq5ppump,0,3175,0.0
solana,solana:mainnet:iXNkw6ZzTd1iqzGwKnSmQBmnQejcERj1RkCX58Hpump,solana:mainnet:5xReA5QB1E1hikDA6ZsqLBvhzV18MGqWfcz2rsNzpump,0,3415,0.0
solana,solana:mainnet:iXNkw6ZzTd1iqzGwKnSmQBmnQejcERj1RkCX58Hpump,solana:mainnet:DgnSpZRJUm597QHCTu1eTNfZUAMqR9knGDATw3sjpump,0,1463,0.0
solana,solana:mainnet:dEZjoi7HmgBHRiQhAduNRTAAZApJXFGttz3UAoVpump,solana:mainnet:Ai66LHZG9MCzg1WKdawwqduVAXpNDUuV8M3uyq5ppump,0,3126,0.0
solana,solana:mainnet:dEZjoi7HmgBHRiQhAduNRTAAZApJXFGttz3UAoVpump,solana:mainnet:5xReA5QB1E1hikDA6ZsqLBvhzV18MGqWfcz2rsNzpump,0,3366,0.0
solana,solana:mainnet:dEZjoi7HmgBHRiQhAduNRTAAZApJXFGttz3UAoVpump,solana:mainnet:DgnSpZRJUm597QHCTu1eTNfZUAMqR9knGDATw3sjpump,0,1414,0.0
solana,solana:mainnet:Ai66LHZG9MCzg1WKdawwqduVAXpNDUuV8M3uyq5ppump,solana:mainnet:5xReA5QB1E1hikDA6ZsqLBvhzV18MGqWfcz2rsNzpump,0,4294,0.0
solana,solana:mainnet:Ai66LHZG9MCzg1WKdawwqduVAXpNDUuV8M3uyq5ppump,solana:mainnet:DgnSpZRJUm597QHCTu1eTNfZUAMqR9knGDATw3sjpump,0,2342,0.0
solana,solana:mainnet:5xReA5QB1E1hikDA6ZsqLBvhzV18MGqWfcz2rsNzpump,solana:mainnet:DgnSpZRJUm597QHCTu1eTNfZUAMqR9knGDATw3sjpump,0,2582,0.0
bsc,eip155:56:0xa3c791ce79ee140705830e96035dbb4fe8324444,eip155:56:0x510ba20014ef1ac0dd90555e9ca138411ae04444,1,14,0.07142857142857142
bsc,eip155:56:0xa3c791ce79ee140705830e96035dbb4fe8324444,eip155:56:0x6d485f5be09eb926d42cec5c7f904150bc774444,1,13,0.07692307692307693
bsc,eip155:56:0xa3c791ce79ee140705830e96035dbb4fe8324444,eip155:56:0x718864d5c63b74c6dcf57ee0dee6bbee3e704444,2,13,0.15384615384615385
bsc,eip155:56:0xa3c791ce79ee140705830e96035dbb4fe8324444,eip155:56:0xd4c759630467cac11bfd51600ced9b685be4ffff,1,11,0.09090909090909091
bsc,eip155:56:0xa3c791ce79ee140705830e96035dbb4fe8324444,eip155:56:0xe2e8fe74d519af72a51d1edd8e76b1b5d5e3ffff,1,10,0.1
bsc,eip155:56:0xa3c791ce79ee140705830e96035dbb4fe8324444,eip155:56:0x0963cae3b3589f9f0cc67411171df4c540d9ffff,1,10,0.1
bsc,eip155:56:0xa3c791ce79ee140705830e96035dbb4fe8324444,eip155:56:0x119c277e147bc5d899889db3520f70968277ffff,1,10,0.1
bsc,eip155:56:0xa3c791ce79ee140705830e96035dbb4fe8324444,eip155:56:0x49f342a101b1cd3cc766017ba4c2b1d481f0ffff,1,10,0.1
bsc,eip155:56:0xa3c791ce79ee140705830e96035dbb4fe8324444,eip155:56:0x4e083a3fc15bc537fa8273a4e624ff6b247dffff,1,10,0.1
bsc,eip155:56:0x510ba20014ef1ac0dd90555e9ca138411ae04444,eip155:56:0x6d485f5be09eb926d42cec5c7f904150bc774444,1,12,0.08333333333333333
bsc,eip155:56:0x510ba20014ef1ac0dd90555e9ca138411ae04444,eip155:56:0x718864d5c63b74c6dcf57ee0dee6bbee3e704444,1,13,0.07692307692307693
bsc,eip155:56:0x510ba20014ef1ac0dd90555e9ca138411ae04444,eip155:56:0xd4c759630467cac11bfd51600ced9b685be4ffff,1,10,0.1
bsc,eip155:56:0x510ba20014ef1ac0dd90555e9ca138411ae04444,eip155:56:0xe2e8fe74d519af72a51d1edd8e76b1b5d5e3ffff,1,9,0.1111111111111111
bsc,eip155:56:0x510ba20014ef1ac0dd90555e9ca138411ae04444,eip155:56:0x0963cae3b3589f9f0cc67411171df4c540d9ffff,1,9,0.1111111111111111
bsc,eip155:56:0x510ba20014ef1ac0dd90555e9ca138411ae04444,eip155:56:0x119c277e147bc5d899889db3520f70968277ffff,1,9,0.1111111111111111
bsc,eip155:56:0x510ba20014ef1ac0dd90555e9ca138411ae04444,eip155:56:0x49f342a101b1cd3cc766017ba4c2b1d481f0ffff,1,9,0.1111111111111111
bsc,eip155:56:0x510ba20014ef1ac0dd90555e9ca138411ae04444,eip155:56:0x4e083a3fc15bc537fa8273a4e624ff6b247dffff,1,9,0.1111111111111111
bsc,eip155:56:0x6d485f5be09eb926d42cec5c7f904150bc774444,eip155:56:0x718864d5c63b74c6dcf57ee0dee6bbee3e704444,1,12,0.08333333333333333
bsc,eip155:56:0x6d485f5be09eb926d42cec5c7f904150bc774444,eip155:56:0xd4c759630467cac11bfd51600ced9b685be4ffff,1,9,0.1111111111111111
bsc,eip155:56:0x6d485f5be09eb926d42cec5c7f904150bc774444,eip155:56:0xe2e8fe74d519af72a51d1edd8e76b1b5d5e3ffff,1,8,0.125
bsc,eip155:56:0x6d485f5be09eb926d42cec5c7f904150bc774444,eip155:56:0x0963cae3b3589f9f0cc67411171df4c540d9ffff,1,8,0.125
bsc,eip155:56:0x6d485f5be09eb926d42cec5c7f904150bc774444,eip155:56:0x119c277e147bc5d899889db3520f70968277ffff,1,8,0.125
bsc,eip155:56:0x6d485f5be09eb926d42cec5c7f904150bc774444,eip155:56:0x49f342a101b1cd3cc766017ba4c2b1d481f0ffff,1,8,0.125
bsc,eip155:56:0x6d485f5be09eb926d42cec5c7f904150bc774444,eip155:56:0x4e083a3fc15bc537fa8273a4e624ff6b247dffff,1,8,0.125
bsc,eip155:56:0x718864d5c63b74c6dcf57ee0dee6bbee3e704444,eip155:56:0xd4c759630467cac11bfd51600ced9b685be4ffff,1,10,0.1
bsc,eip155:56:0x718864d5c63b74c6dcf57ee0dee6bbee3e704444,eip155:56:0xe2e8fe74d519af72a51d1edd8e76b1b5d5e3ffff,1,9,0.1111111111111111
bsc,eip155:56:0x718864d5c63b74c6dcf57ee0dee6bbee3e704444,eip155:56:0x0963cae3b3589f9f0cc67411171df4c540d9ffff,1,9,0.1111111111111111
bsc,eip155:56:0x718864d5c63b74c6dcf57ee0dee6bbee3e704444,eip155:56:0x119c277e147bc5d899889db3520f70968277ffff,1,9,0.1111111111111111
bsc,eip155:56:0x718864d5c63b74c6dcf57ee0dee6bbee3e704444,eip155:56:0x49f342a101b1cd3cc766017ba4c2b1d481f0ffff,1,9,0.1111111111111111
bsc,eip155:56:0x718864d5c63b74c6dcf57ee0dee6bbee3e704444,eip155:56:0x4e083a3fc15bc537fa8273a4e624ff6b247dffff,1,9,0.1111111111111111
bsc,eip155:56:0xd4c759630467cac11bfd51600ced9b685be4ffff,eip155:56:0xe2e8fe74d519af72a51d1edd8e76b1b5d5e3ffff,2,5,0.4
bsc,eip155:56:0xd4c759630467cac11bfd51600ced9b685be4ffff,eip155:56:0x0963cae3b3589f9f0cc67411171df4c540d9ffff,2,5,0.4
bsc,eip155:56:0xd4c759630467cac11bfd51600ced9b685be4ffff,eip155:56:0x119c277e147bc5d899889db3520f70968277ffff,2,5,0.4
bsc,eip155:56:0xd4c759630467cac11bfd51600ced9b685be4ffff,eip155:56:0x49f342a101b1cd3cc766017ba4c2b1d481f0ffff,2,5,0.4
bsc,eip155:56:0xd4c759630467cac11bfd51600ced9b685be4ffff,eip155:56:0x4e083a3fc15bc537fa8273a4e624ff6b247dffff,2,5,0.4
bsc,eip155:56:0xe2e8fe74d519af72a51d1edd8e76b1b5d5e3ffff,eip155:56:0x0963cae3b3589f9f0cc67411171df4c540d9ffff,2,4,0.5
bsc,eip155:56:0xe2e8fe74d519af72a51d1edd8e76b1b5d5e3ffff,eip155:56:0x119c277e147bc5d899889db3520f70968277ffff,2,4,0.5
bsc,eip155:56:0xe2e8fe74d519af72a51d1edd8e76b1b5d5e3ffff,eip155:56:0x49f342a101b1cd3cc766017ba4c2b1d481f0ffff,2,4,0.5
bsc,eip155:56:0xe2e8fe74d519af72a51d1edd8e76b1b5d5e3ffff,eip155:56:0x4e083a3fc15bc537fa8273a4e624ff6b247dffff,2,4,0.5
bsc,eip155:56:0x0963cae3b3589f9f0cc67411171df4c540d9ffff,eip155:56:0x119c277e147bc5d899889db3520f70968277ffff,3,3,1.0
bsc,eip155:56:0x0963cae3b3589f9f0cc67411171df4c540d9ffff,eip155:56:0x49f342a101b1cd3cc766017ba4c2b1d481f0ffff,2,4,0.5
bsc,eip155:56:0x0963cae3b3589f9f0cc67411171df4c540d9ffff,eip155:56:0x4e083a3fc15bc537fa8273a4e624ff6b247dffff,2,4,0.5
bsc,eip155:56:0x119c277e147bc5d899889db3520f70968277ffff,eip155:56:0x49f342a101b1cd3cc766017ba4c2b1d481f0ffff,2,4,0.5
bsc,eip155:56:0x119c277e147bc5d899889db3520f70968277ffff,eip155:56:0x4e083a3fc15bc537fa8273a4e624ff6b247dffff,2,4,0.5
bsc,eip155:56:0x49f342a101b1cd3cc766017ba4c2b1d481f0ffff,eip155:56:0x4e083a3fc15bc537fa8273a4e624ff6b247dffff,2,4,0.5
